0,8909.2,-2731,-13355,-1804.9
1,8917.9,-2732.5,-13347,-1816.1
2,8925.6,-2733.7,-13340,-1828
3,8932.5,-2735.6,-13333,-1839.7
4,8939,-2738.3,-13327,-1850.4
5,8945,-2741.7,-13321,-1860.4
6,8950.9,-2745.2,-13315,-1869.7
7,8957.3,-2749.1,-13308,-1878.4
8,8963.5,-2753,-13302,-1886.3
9,8970.2,-2757,-13296,-1893.7
10,8977.5,-2761.5,-13289,-1900.2
11,8985.6,-2766.2,-13282,-1905.7
12,8994.2,-2770.9,-13275,-1910.3
13,9003.4,-2775.4,-13267,-1914.7
14,9013.3,-2779.7,-13259,-1918.1
15,9022.7,-2783.6,-13251,-1921.5
16,9031.9,-2786.9,-13243,-1924.7
17,9041.1,-2790.1,-13236,-1927.5
18,9049.4,-2792.9,-13229,-1930.3
19,9056.6,-2795.2,-13224,-1933.4
20,9063.3,-2797,-13218,-1936.6
21,9069.5,-2798.1,-13213,-1940.2
22,9075.2,-2798,-13209,-1944.9
23,9080.8,-2796.9,-13204,-1950.5
24,9087,-2795.4,-13199,-1956.6
25,9093.5,-2793.7,-13194,-1962.7
26,9100.5,-2792.4,-13189,-1967.5
27,9108.3,-2792.6,-13183,-1970.2
28,9116.5,-2793.4,-13177,-1970.8
29,9125.5,-2794.2,-13171,-1970.7
30,9134.8,-2795.5,-13164,-1969.3
31,9143.5,-2796.8,-13158,-1967.3
32,9152.4,-2798.2,-13152,-1965.1
33,9161.2,-2800.1,-13146,-1962.4
34,9170.3,-2802.4,-13140,-1959.6
35,9179.4,-2805.3,-13133,-1956.7
36,9189.3,-2808.4,-13126,-1953.7
37,9198.4,-2810.9,-13119,-1951.3
38,9207,-2811.8,-13113,-1950.7
39,9215.1,-2811.4,-13107,-1951.8
40,9222.5,-2809.5,-13102,-1954.2
41,9228.7,-2806.5,-13098,-1958.3
42,9234.8,-2803.2,-13094,-1963
43,9241.1,-2800.5,-13089,-1967.3
44,9247.5,-2798.1,-13084,-1971.4
45,9254.7,-2796,-13079,-1975
46,9262.6,-2794.2,-13074,-1978.3
47,9270.5,-2793.3,-13068,-1981.3
48,9279,-2793.3,-13061,-1983.6
49,9288.3,-2795,-13054,-1984.7
50,9297.8,-2798.8,-13047,-1984.1
51,9307.4,-2803.8,-13039,-1983.2
52,9317.7,-2809.4,-13030,-1982.6
53,9328,-2816.2,-13022,-1981.6
54,9338.4,-2823.5,-13013,-1980.5
55,9348.5,-2831.1,-13004,-1979.1
56,9357.6,-2838.4,-12996,-1977.5
57,9365.9,-2845,-12989,-1976.6
58,9373.3,-2850.6,-12983,-1976.1
59,9380.1,-2855.5,-12977,-1976
60,9386.4,-2858.8,-12971,-1976.8
61,9392.8,-2860.7,-12966,-1978.7
62,9399.7,-2861.7,-12960,-1980.5
63,9406.6,-2861.5,-12955,-1983.1
64,9414,-2860.9,-12949,-1985.6
65,9421.4,-2860.5,-12944,-1988
66,9429.1,-2860.5,-12938,-1990.1
67,9437.2,-2861.1,-12931,-1991.9
68,9446,-2862.7,-12924,-1993.2
69,9455.2,-2865.5,-12917,-1993.6
70,9465,-2869.8,-12909,-1993.4
71,9475.3,-2875.3,-12900,-1992.7
72,9486.5,-2882.2,-12891,-1991
73,9497.8,-2889.9,-12881,-1988.5
74,9509,-2897.9,-12871,-1985.9
75,9520.3,-2905.6,-12862,-1983.4
76,9530.4,-2912.4,-12853,-1981.3
77,9539.8,-2918.1,-12845,-1980.1
78,9548.1,-2923.2,-12838,-1979
79,9555.6,-2927.7,-12831,-1977.5
80,9562.5,-2931.2,-12826,-1976.3
81,9569.1,-2933.9,-12820,-1974.8
82,9575.8,-2935.7,-12815,-1972.9
83,9582.6,-2935.9,-12810,-1972
84,9589.6,-2935.1,-12805,-1971.7
85,9596.3,-2933.4,-12800,-1972
86,9602.3,-2931.7,-12796,-1972.5
87,9607.9,-2929.8,-12792,-1973.6
88,9613.7,-2928.5,-12788,-1974.8
89,9619.2,-2928.2,-12784,-1975.6
90,9625.3,-2928.8,-12779,-1976.3
91,9633.2,-2931.1,-12773,-1975.3
92,9641.9,-2935.2,-12766,-1972.7
93,9651.3,-2939.4,-12758,-1970.1
94,9661,-2943.9,-12750,-1967.1
95,9671.1,-2947.6,-12742,-1965.2
96,9680.5,-2950.4,-12734,-1964.7
97,9689.1,-2951.8,-12727,-1965.7
98,9697.6,-2953,-12720,-1967.4
99,9705.2,-2953.8,-12714,-1969.6
100,9711.8,-2953.8,-12708,-1972.6
101,9717.4,-2953,-12704,-1976.7
102,9722,-2950.7,-12700,-1982.7
103,9725,-2946.9,-12697,-1991.3
104,9726.9,-2942.9,-12695,-2000.7
105,9728.3,-2939.5,-12693,-2010
106,9729.4,-2936.9,-12691,-2018.7
107,9729.9,-2935.1,-12690,-2026.4
108,9729.6,-2934.1,-12690,-2033.1
109,9728.3,-2933.6,-12690,-2039.2
110,9726.8,-2933.1,-12690,-2045.5
111,9725.4,-2933.2,-12690,-2051.1
112,9724.5,-2934.5,-12690,-2055
113,9723.8,-2936.2,-12690,-2058.1
114,9723.7,-2938.2,-12689,-2060.3
115,9724.3,-2940.1,-12688,-2062.3
116,9725.1,-2941.3,-12686,-2064.2
117,9725.9,-2941.6,-12685,-2066.8
118,9726.5,-2941.1,-12685,-2069.7
119,9725.4,-2939.8,-12685,-2073.4
120,9723.5,-2938.1,-12686,-2077.6
121,9719.8,-2936.5,-12689,-2081.6
122,9714.3,-2934.3,-12693,-2086.3
123,9707.2,-2931.9,-12698,-2091.5
124,9698.6,-2930,-12704,-2096.2
125,9689.2,-2929.1,-12711,-2100
126,9680.2,-2928.6,-12717,-2103.3
127,9672,-2928.6,-12723,-2105.9
128,9664.5,-2929.5,-12728,-2107.3
129,9657.4,-2930.4,-12733,-2108.6
130,9651.7,-2931.6,-12737,-2109.5
131,9647.4,-2932.3,-12740,-2110.9
132,9643.8,-2933.3,-12742,-2112.5
133,9641.8,-2934.1,-12743,-2114.6
134,9641,-2936.1,-12743,-2115.7
135,9640.1,-2939.3,-12743,-2115.6
136,9639.7,-2943.5,-12743,-2114.2
137,9638.7,-2949.3,-12743,-2110.5
138,9635.8,-2955.6,-12744,-2105.8
139,9631.4,-2962.6,-12747,-2100.2
140,9625.6,-2970.7,-12750,-2093.7
141,9618.1,-2979.1,-12755,-2086.8
142,9609.4,-2986.8,-12761,-2081
143,9600.2,-2993.2,-12767,-2077
144,9590.8,-2998,-12773,-2074.6
145,9581.4,-3001.7,-12780,-2073.3
146,9573,-3005,-12786,-2072.1
147,9565.3,-3008.6,-12791,-2069.9
148,9558.4,-3012.3,-12796,-2066.4
149,9552,-3015.5,-12800,-2061.6
150,9545.7,-3018,-12805,-2056.6
151,9539.7,-3019.6,-12810,-2051.6
152,9533.3,-3020.8,-12815,-2046.9
153,9527.3,-3022.6,-12820,-2040.8
154,9521.2,-3025.4,-12826,-2033.3
155,9515.2,-3028.8,-12830,-2025.3
156,9509.3,-3032.4,-12835,-2017.8
157,9502.6,-3035.6,-12840,-2012.1
158,9495.8,-3038.3,-12845,-2008.8
159,9488.4,-3040.7,-12850,-2007.9
160,9481.4,-3043.9,-12855,-2007.8
161,9474.6,-3047.7,-12859,-2008.4
162,9468.4,-3051.6,-12862,-2009.4
163,9463.3,-3055.5,-12865,-2010.5
164,9458.4,-3058.3,-12868,-2011.8
165,9453.4,-3059.4,-12871,-2014.1
166,9448.4,-3059,-12874,-2016.9
167,9442.8,-3057.6,-12878,-2019.8
168,9436.8,-3055.7,-12882,-2022.1
169,9430.9,-3054.5,-12887,-2021.9
170,9424.5,-3053.6,-12892,-2019.8
171,9418.4,-3053,-12897,-2016.1
172,9412.8,-3052.3,-12902,-2012
173,9408.1,-3052.1,-12907,-2007.1
174,9404.2,-3052.7,-12910,-2002.1
175,9401,-3054.7,-12913,-1996.8
176,9398.8,-3058.7,-12914,-1990.1
177,9397.5,-3063.7,-12915,-1982.8
178,9396.7,-3069.3,-12916,-1975.3
179,9395.6,-3074.4,-12916,-1969.1
180,9393.8,-3078.6,-12917,-1964.5
181,9390.8,-3081.7,-12919,-1961.6
182,9388.1,-3084.3,-12921,-1959.1
183,9384.5,-3086.7,-12923,-1955.9
184,9380.7,-3089,-12926,-1952
185,9376.9,-3091.1,-12929,-1946.5
186,9372.5,-3092.9,-12933,-1939.9
187,9367.4,-3093.9,-12938,-1932.8
188,9362,-3094.4,-12942,-1925.4
189,9356.6,-3094.8,-12947,-1917.5
190,9351.6,-3095.1,-12952,-1909.4
191,9347.8,-3095.6,-12956,-1901.2
192,9345.7,-3096.6,-12958,-1892.7
193,9345,-3097.3,-12960,-1885
194,9345.4,-3097.7,-12961,-1878.2
195,9346.8,-3097.1,-12960,-1873.3
196,9348.4,-3096.4,-12960,-1870
197,9349.5,-3095.3,-12960,-1868.5
198,9349.4,-3094.4,-12960,-1868
199,9347.7,-3094.3,-12961,-1868
200,9344.4,-3095.1,-12963,-1868.6
201,9340.3,-3097.5,-12966,-1868.2
202,9335.9,-3101.8,-12968,-1865.8
203,9331.2,-3107.8,-12971,-1860.8
204,9326.3,-3114.6,-12974,-1853.3
205,9321,-3121.8,-12977,-1844.3
206,9315.6,-3128.6,-12981,-1834.8
207,9310.9,-3134.4,-12984,-1825.4
208,9306.6,-3139.7,-12987,-1816.3
209,9302.4,-3144.8,-12990,-1807.1
210,9298.1,-3148.9,-12993,-1799.1
211,9293.5,-3152.3,-12997,-1792.2
212,9288.3,-3155.4,-13001,-1786.7
213,9282.1,-3157.7,-13005,-1783.7
214,9274.8,-3160.1,-13010,-1782.1
215,9266.8,-3162.9,-13015,-1782.3
216,9257.7,-3166.4,-13020,-1783.5
217,9247.9,-3170.8,-13026,-1785.4
218,9238.3,-3176.1,-13031,-1787.8
219,9229.3,-3182.3,-13036,-1789.5
220,9220.7,-3188.8,-13040,-1790.9
221,9212.7,-3196,-13044,-1791.1
222,9205.9,-3204,-13047,-1789.8
223,9199.7,-3212,-13050,-1787.5
224,9194.1,-3220,-13052,-1784.2
225,9188.2,-3227.4,-13055,-1780.9
226,9181.7,-3233.9,-13058,-1778.4
227,9174.2,-3240,-13062,-1776.7
228,9165.4,-3245.6,-13067,-1775.8
229,9154.7,-3251,-13073,-1775.8
230,9142.8,-3256.2,-13080,-1776.7
231,9130.3,-3261.5,-13087,-1778.2
232,9116.5,-3266.6,-13095,-1780.1
233,9102.3,-3271.7,-13104,-1782.3
234,9088.1,-3276.9,-13112,-1784.2
235,9073.9,-3282.3,-13120,-1785.4
236,9060.2,-3287.3,-13128,-1786.3
237,9047.2,-3291.9,-13136,-1787.1
238,9035.3,-3296.8,-13143,-1787
239,9024.1,-3301.6,-13150,-1786.2
240,9013.8,-3306.5,-13156,-1784.6
241,9004.3,-3311.3,-13161,-1782
242,8995.4,-3315.6,-13167,-1779.1
243,8986.7,-3319.1,-13172,-1776.5
244,8977.8,-3321.9,-13178,-1774.1
245,8967.9,-3324,-13184,-1772.3
246,8957.3,-3325.3,-13191,-1771
247,8946.1,-3326.9,-13199,-1769.4
248,8934.2,-3328.9,-13206,-1767.4
249,8921.5,-3330.4,-13215,-1765.6
250,8909,-3331.9,-13223,-1763.5
251,8896.5,-3333.4,-13232,-1760.8
252,8884.2,-3334.7,-13240,-1757.8
253,8872.7,-3335.7,-13248,-1754.4
254,8861.9,-3337.1,-13255,-1750.3
255,8851.6,-3338.4,-13262,-1746.1
256,8841.9,-3340.1,-13269,-1741.2
257,8833.4,-3342,-13275,-1735.8
258,8825.7,-3344.2,-13280,-1730.3
259,8818.7,-3346.9,-13285,-1724.5
260,8812.2,-3349.5,-13289,-1718.7
261,8805.8,-3351.6,-13294,-1713.3
262,8799.6,-3353.1,-13298,-1709
263,8793.3,-3353.7,-13303,-1705.4
264,8786.7,-3353.9,-13307,-1702.6
265,8779.9,-3353.5,-13312,-1700.4
266,8773.2,-3352.7,-13317,-1698.5
267,8766.3,-3351.5,-13322,-1697
268,8760,-3350.1,-13327,-1695.5
269,8754.2,-3348.7,-13331,-1694.1
270,8749.5,-3347.4,-13335,-1692.4
271,8745.3,-3346.1,-13338,-1690.7
272,8741,-3344.8,-13341,-1689.6
273,8737.5,-3343.8,-13344,-1688.4
274,8734.1,-3343,-13346,-1687.5
275,8730.8,-3342.3,-13349,-1686.9
276,8728.2,-3342.2,-13351,-1685.8
277,8725.9,-3342.1,-13352,-1685.3
278,8723.8,-3341.5,-13354,-1685.6
279,8721.9,-3341,-13355,-1685.8
280,8720.1,-3340.6,-13356,-1686.2
281,8718.4,-3340.2,-13358,-1686.9
282,8717.1,-3340.2,-13358,-1686.9
283,8716.2,-3340.2,-13359,-1686.6
284,8715.2,-3340.4,-13360,-1685.5
285,8714.3,-3340.7,-13360,-1683.7
286,8713.9,-3341,-13361,-1681.4
287,8713.4,-3341.2,-13361,-1679
288,8712.9,-3341.1,-13362,-1677.2
289,8712.3,-3340.8,-13363,-1675.4
290,8711.9,-3340.8,-13363,-1673.6
291,8711.4,-3341,-13364,-1672.1
292,8711.5,-3341.5,-13364,-1670.5
293,8712.6,-3342.2,-13363,-1668.7
294,8714,-3343.3,-13362,-1667.4
295,8716.2,-3344.5,-13360,-1666
296,8719,-3346,-13358,-1664.7
297,8722,-3347.5,-13356,-1663.9
298,8725.3,-3348.8,-13354,-1662.6
299,8729,-3350.2,-13351,-1661.5
300,8733,-3351.2,-13348,-1660.8
301,8737.6,-3351.9,-13345,-1660.4
302,8742.8,-3352.5,-13342,-1660.2
303,8748.4,-3353.1,-13338,-1660
304,8754.8,-3353.4,-13334,-1660
305,8761.7,-3353.4,-13329,-1660.7
306,8768.7,-3352.9,-13324,-1662
307,8775.8,-3352.1,-13320,-1664.2
308,8783.3,-3351.1,-13315,-1667.2
309,8791.1,-3349.9,-13309,-1671
310,8799.1,-3348.3,-13304,-1675.8
311,8807.4,-3346.8,-13298,-1681
312,8816.1,-3345.2,-13292,-1686.4
313,8825.4,-3343.6,-13286,-1692.2
314,8835.3,-3342.1,-13279,-1698.1
315,8845.8,-3341.4,-13271,-1703
316,8857,-3341.2,-13263,-1706.9
317,8868.8,-3341.5,-13255,-1710.1
318,8881,-3342.2,-13246,-1712.8
319,8893,-3342.9,-13238,-1715.2
320,8904.9,-3343.2,-13229,-1718.2
321,8916.7,-3343.1,-13221,-1721.8
322,8928.1,-3342.3,-13213,-1726.3
323,8938.7,-3340.9,-13205,-1732.1
324,8948.5,-3338.4,-13198,-1739.4
325,8957.6,-3335.8,-13192,-1746.7
326,8965.8,-3333.1,-13186,-1754.7
327,8973.5,-3330,-13180,-1763.6
328,8980.9,-3327.2,-13175,-1772.4
329,8987.9,-3323.8,-13169,-1781.8
330,8994.6,-3320.9,-13164,-1790.6
331,9001.1,-3318.9,-13159,-1798.4
332,9007.3,-3317.1,-13154,-1806.2
333,9013.6,-3316,-13149,-1813.4
334,9019.9,-3316,-13144,-1819.8
335,9026.3,-3317.3,-13139,-1824.6
336,9032.6,-3319.2,-13133,-1828.5
337,9038.3,-3321.5,-13128,-1832.2
338,9043.7,-3323.6,-13124,-1836.1
339,9048.4,-3325,-13119,-1840.9
340,9052.5,-3326.2,-13115,-1846.6
341,9056.3,-3327.3,-13112,-1852.8
342,9059.8,-3327.8,-13108,-1859.6
343,9062.9,-3328,-13105,-1867
344,9065.7,-3328,-13102,-1874.5
345,9068.1,-3327.2,-13099,-1883
346,9070.2,-3325.6,-13097,-1892.8
347,9072.2,-3323.3,-13094,-1903.6
348,9074,-3320.8,-13092,-1915
349,9075.7,-3318.8,-13090,-1926.2
350,9077.6,-3317.8,-13087,-1935.8
351,9079.3,-3318.2,-13085,-1943.7
352,9080.8,-3319.8,-13082,-1950.2
353,9082.5,-3322.5,-13080,-1955.2
354,9083.7,-3325.8,-13077,-1959.7
355,9084.4,-3329.3,-13075,-1964.5
356,9084.7,-3333.3,-13074,-1968.9
357,9084.4,-3337.2,-13072,-1973.8
358,9083.9,-3340.7,-13071,-1979.5
359,9083.1,-3344,-13069,-1985.4
360,9082.3,-3347,-13068,-1991
361,9081.7,-3349.8,-13067,-1996.4
362,9081.5,-3352.3,-13066,-2001.5
363,9082.1,-3355,-13064,-2005.4
364,9083.4,-3357.2,-13062,-2009.1
365,9085.3,-3358.9,-13060,-2012.8
366,9087.8,-3360.5,-13057,-2016.2
367,9090.8,-3361.6,-13054,-2020.1
368,9094.9,-3362.2,-13051,-2024.5
369,9099.6,-3362.8,-13046,-2029
370,9105.3,-3363.6,-13041,-2033.4
371,9111.5,-3364.6,-13036,-2038
372,9118.1,-3365.8,-13031,-2042.6
373,9124.6,-3367.5,-13025,-2047.2
374,9131.1,-3369.8,-13019,-2051.8
375,9137.2,-3372.7,-13013,-2056.3
376,9142.5,-3375.8,-13008,-2060.9
377,9146.9,-3379.4,-13003,-2065
378,9150.5,-3383.7,-12999,-2068.7
379,9153.5,-3388.5,-12995,-2071.8
380,9155.9,-3393.5,-12992,-2074.7
381,9158.1,-3398.1,-12988,-2078.2
382,9160.3,-3403,-12985,-2081.3
383,9163,-3407.5,-12981,-2085
384,9166,-3412.1,-12977,-2089.1
385,9170.2,-3417.3,-12972,-2093
386,9175.8,-3422.7,-12966,-2097.1
387,9182,-3428.6,-12960,-2100.9
388,9188.9,-3434.5,-12953,-2104.8
389,9196.2,-3439.4,-12945,-2110.1
390,9203.1,-3443.9,-12938,-2116.5
391,9209.7,-3448.4,-12931,-2124
392,9216.2,-3453.4,-12924,-2131.9
393,9222.3,-3459.2,-12917,-2139.8
394,9228.4,-3465.3,-12909,-2147.6
395,9234.9,-3472.3,-12902,-2154.6
396,9241.2,-3479.3,-12894,-2161.6
397,9247.1,-3486.6,-12887,-2168.2
398,9253,-3494.5,-12879,-2174.4
399,9257.9,-3503.4,-12873,-2179.2
400,9262,-3513.1,-12866,-2182.2
401,9265.7,-3523.2,-12861,-2184.2
402,9269.6,-3532.9,-12855,-2185.8
403,9273.3,-3541.8,-12849,-2188.2
404,9277.3,-3550,-12844,-2191.2
405,9282.3,-3558.5,-12837,-2193.6
406,9288.4,-3566.9,-12830,-2196
407,9295.4,-3575.2,-12823,-2198
408,9303.8,-3583.5,-12814,-2199.6
409,9312.6,-3590.8,-12805,-2201.8
410,9321.6,-3597.1,-12796,-2205.1
411,9331.2,-3602.9,-12787,-2209.4
412,9340.7,-3608.1,-12778,-2214.2
413,9350.1,-3612.2,-12768,-2220.1
414,9359.3,-3615.3,-12760,-2226.6
415,9368.5,-3617.9,-12751,-2232.7
416,9376.7,-3620.4,-12744,-2238
417,9384.7,-3623.4,-12736,-2241.8
418,9392.9,-3627,-12729,-2244
419,9400.7,-3630.7,-12722,-2245.4
420,9408.3,-3634.5,-12715,-2246.1
421,9415.7,-3637.9,-12708,-2246.9
422,9423.2,-3641.4,-12701,-2247.8
423,9430.5,-3644.9,-12695,-2249.2
424,9438.5,-3649.3,-12687,-2250.2
425,9446.9,-3654.2,-12680,-2251.1
426,9455.3,-3658.8,-12672,-2252.7
427,9464,-3662.9,-12664,-2255.3
428,9472.3,-3666.2,-12656,-2259
429,9480.8,-3668.6,-12648,-2264
430,9490.1,-3670.7,-12639,-2269
431,9498.4,-3672.5,-12632,-2273.5
432,9506.1,-3673.4,-12625,-2278.5
433,9513.7,-3673.9,-12618,-2283.2
434,9521,-3673.8,-12612,-2287.8
435,9528,-3673.1,-12606,-2292.3
436,9535.3,-3671.7,-12600,-2296.4
437,9543.4,-3670,-12594,-2300.1
438,9551.2,-3668.2,-12588,-2303
439,9558.8,-3666.5,-12582,-2305.1
440,9567.1,-3665.4,-12576,-2306
441,9575,-3665,-12570,-2306.1
442,9582.7,-3664.7,-12564,-2306.2
443,9589.9,-3664.8,-12559,-2305.9
444,9597.3,-3664.9,-12553,-2306
445,9603.3,-3664.8,-12548,-2306.9
446,9607.9,-3664.1,-12545,-2309.2
447,9611.6,-3663.3,-12541,-2312.2
448,9614.1,-3661.5,-12539,-2317.5
449,9616.1,-3658.9,-12537,-2324.7
450,9618.1,-3656.3,-12535,-2332.9
451,9620.3,-3654.2,-12532,-2341
452,9622.5,-3652.8,-12529,-2348.3
453,9624.5,-3651.4,-12527,-2355.1
454,9625.6,-3650.6,-12525,-2360.8
455,9625.8,-3650.2,-12524,-2366.1
456,9624.9,-3650.4,-12524,-2370.6
457,9623.3,-3652,-12524,-2373.1
458,9621.3,-3653.8,-12525,-2375.2
459,9618.7,-3655.5,-12526,-2377.6
460,9616,-3657.7,-12527,-2379.9
461,9613.2,-3659.2,-12528,-2383.3
462,9610.7,-3660.5,-12529,-2387.3
463,9608.7,-3661.9,-12529,-2391.5
464,9607.3,-3663.2,-12529,-2396.2
465,9607,-3664.1,-12528,-2401.3
466,9608.1,-3665.1,-12526,-2405.5
467,9609.8,-3666.8,-12524,-2408
468,9611.6,-3668.6,-12522,-2408.8
469,9613.6,-3670,-12520,-2408.3
470,9615.2,-3671.4,-12519,-2406.4
471,9616.2,-3672.3,-12518,-2403.9
472,9616.6,-3673.2,-12518,-2400.1
473,9616.2,-3674.1,-12519,-2395.1
474,9614.9,-3674.4,-12521,-2390.2
475,9612.7,-3673.3,-12524,-2386.5
476,9609.7,-3671.6,-12527,-2384.2
477,9606.1,-3668.2,-12531,-2384.7
478,9602.8,-3664.3,-12534,-2387.1
479,9599.9,-3660.8,-12536,-2390.8
480,9597.7,-3657.8,-12538,-2395.4
481,9596.4,-3655.3,-12539,-2400.2
482,9595.8,-3653.4,-12539,-2405
483,9595.3,-3652.6,-12539,-2409.1
484,9595,-3652.2,-12538,-2412.5
485,9594.9,-3652.6,-12538,-2414.7
486,9595.2,-3653.6,-12537,-2415.5
487,9595.2,-3654.7,-12537,-2415.2
488,9594.8,-3655.9,-12537,-2413.8
489,9594.5,-3657.4,-12538,-2410.8
490,9594,-3658.1,-12539,-2407.2
491,9592.8,-3657.3,-12540,-2404.9
492,9591,-3655.2,-12542,-2404.2
493,9588.8,-3652.2,-12545,-2404.6
494,9586,-3649.1,-12548,-2405.8
495,9582.8,-3646.3,-12551,-2406.9
496,9578.4,-3643.3,-12555,-2408.2
497,9572.6,-3640.2,-12560,-2410.2
498,9565.6,-3637.5,-12565,-2412.3
499,9557.9,-3635.3,-12571,-2414.3
500,9550.1,-3633.8,-12577,-2416.5
501,9542.8,-3633.3,-12583,-2417.9
502,9537,-3633.8,-12587,-2418.1
503,9533.1,-3635.2,-12590,-2416.9
504,9530.7,-3637.1,-12591,-2414.3
505,9529.9,-3639.3,-12592,-2410.6
506,9529.9,-3641.1,-12592,-2406.6
507,9530.7,-3642,-12592,-2402.9
508,9531.6,-3642.5,-12592,-2399.1
509,9531.4,-3642,-12593,-2395.6
510,9529.2,-3640.3,-12596,-2393.1
511,9525,-3637.2,-12600,-2391.7
512,9518.4,-3633.2,-12606,-2391.7
513,9509.2,-3629.1,-12614,-2392.3
514,9498.6,-3625.7,-12623,-2392.5
515,9488.1,-3623.6,-12632,-2391.4
516,9477.5,-3622.6,-12640,-2388.8
517,9468.3,-3622.7,-12648,-2384.6
518,9461,-3623.2,-12655,-2379.1
519,9454.8,-3622.8,-12660,-2373.7
520,9450.1,-3621.7,-12665,-2368.8
521,9447.9,-3620,-12668,-2364.1
522,9448,-3618.9,-12669,-2358.4
523,9449.3,-3618,-12670,-2352.1
524,9451.5,-3617.1,-12670,-2345.8
525,9453.4,-3616.1,-12670,-2339.9
526,9454.4,-3614.6,-12670,-2335.1
527,9453,-3612.6,-12672,-2332
528,9449.4,-3610.2,-12676,-2330.9
529,9443.5,-3607.7,-12681,-2331.6
530,9435.6,-3605.4,-12687,-2333.9
531,9426.8,-3603.3,-12694,-2337
532,9416.8,-3601.1,-12701,-2341.3
533,9406.6,-3598.8,-12708,-2346.5
534,9396.9,-3596.8,-12715,-2351.2
535,9387.8,-3594.6,-12721,-2355.6
536,9379.9,-3592.7,-12727,-2359
537,9373.4,-3591.1,-12732,-2361
538,9368.4,-3590.3,-12736,-2360.9
539,9364.5,-3590,-12739,-2359.1
540,9361.7,-3589.9,-12742,-2356.9
541,9359.9,-3590.6,-12743,-2353.9
542,9358.5,-3592.4,-12745,-2349.8
543,9357.3,-3594.3,-12746,-2346.2
544,9355.6,-3597.3,-12747,-2342.6
545,9352.9,-3600.5,-12748,-2340.6
546,9348.8,-3603.7,-12750,-2340.5
547,9342.7,-3606.5,-12754,-2342.5
548,9334.5,-3609.2,-12758,-2346.6
549,9324.5,-3611.2,-12764,-2352.5
550,9312.8,-3612.5,-12771,-2359.9
551,9299.7,-3613.1,-12778,-2367.9
552,9286.4,-3614.4,-12787,-2374.7
553,9273.7,-3617.3,-12794,-2378.1
554,9261.4,-3621.8,-12802,-2377.7
555,9249.7,-3627.2,-12810,-2372.9
556,9239,-3633,-12818,-2363.4
557,9229.1,-3639,-12825,-2350.8
558,9219.4,-3644.6,-12833,-2336.3
559,9210,-3650,-12841,-2320.6
560,9200.7,-3655.3,-12850,-2304.4
561,9191.3,-3660.3,-12858,-2289
562,9181.8,-3664.9,-12866,-2274.7
563,9171.8,-3669.5,-12874,-2262.2
564,9161,-3673.3,-12882,-2252.2
565,9149.8,-3676.7,-12890,-2244.6
566,9137.9,-3680.4,-12899,-2238.3
567,9125.5,-3684.8,-12907,-2232.8
568,9112.8,-3689.7,-12916,-2227.6
569,9099.9,-3695.5,-12924,-2221.7
570,9086.8,-3701.9,-12933,-2214.9
571,9073.4,-3708.8,-12942,-2207
572,9060.1,-3715.9,-12950,-2197.9
573,9046.6,-3723.1,-12959,-2187.4
574,9032.4,-3729.8,-12969,-2177.1
575,9018.1,-3735.8,-12979,-2167.3
576,9004.3,-3741.3,-12989,-2157.9
577,8990.3,-3746.7,-12998,-2148.6
578,8976.4,-3752.2,-13008,-2139.2
579,8963,-3758,-13017,-2129.5
580,8949.9,-3764.1,-13026,-2119.8
581,8936.3,-3770.2,-13035,-2110.5
582,8922.7,-3776.8,-13044,-2101.2
583,8909,-3783.8,-13053,-2092.2
584,8894.8,-3791.2,-13062,-2083.6
585,8880.7,-3799.2,-13070,-2075.3
586,8866.6,-3807.6,-13079,-2067.2
587,8851.9,-3815.4,-13087,-2059.9
588,8837.9,-3822.6,-13096,-2053.6
589,8825,-3829.2,-13103,-2047.9
590,8812.9,-3835,-13111,-2042.9
591,8801.1,-3839.7,-13118,-2039.2
592,8790.3,-3843.6,-13124,-2036.2
593,8779.9,-3846.7,-13131,-2033.8
594,8770.1,-3849.5,-13137,-2031.4
595,8760.6,-3852.7,-13143,-2028.2
596,8750.7,-3856,-13149,-2024.5
597,8740.4,-3859.4,-13155,-2020.9
598,8730.2,-3863.1,-13162,-2017.2
599,8719.7,-3866.4,-13168,-2014.2
600,8709.1,-3869,-13175,-2012.8
601,8698,-3870.8,-13181,-2012.8
602,8686.9,-3872.6,-13188,-2013.6
603,8676,-3873.8,-13194,-2015.3
604,8665.7,-3874.9,-13201,-2017.5
605,8655.9,-3875.2,-13206,-2020.5
606,8646.6,-3874.8,-13212,-2024.1
607,8637.8,-3873.3,-13218,-2028.5
608,8630.1,-3871.4,-13223,-2032.9
609,8623,-3869.5,-13227,-2036.8
610,8616.4,-3867.6,-13232,-2039.9
611,8610.6,-3866.2,-13236,-2041.3
612,8605.3,-3865,-13239,-2041.4
613,8599.9,-3863.6,-13243,-2041.1
614,8595,-3861.9,-13247,-2040.3
615,8589.6,-3860,-13251,-2039.4
616,8584.1,-3857.8,-13256,-2038.5
617,8578.9,-3855.4,-13260,-2037.7
618,8573.8,-3852.8,-13264,-2037.1
619,8568.8,-3849.7,-13268,-2037
620,8564.2,-3846,-13272,-2037.5
621,8559.8,-3842.5,-13276,-2037.5
622,8556.1,-3838.7,-13279,-2037.3
623,8553,-3834.9,-13283,-2036.5
624,8550.9,-3831.5,-13285,-2035.1
625,8549.7,-3828.1,-13287,-2033
626,8549.1,-3825.1,-13289,-2030.4
627,8549.4,-3822.2,-13290,-2027.3
628,8550.2,-3819.5,-13291,-2024.5
629,8550.9,-3816.8,-13291,-2021.9
630,8552.4,-3814,-13292,-2019.6
631,8554,-3811.4,-13292,-2017
632,8555.6,-3808.7,-13292,-2014.5
633,8557.4,-3806.1,-13292,-2011.8
634,8559.8,-3803.5,-13292,-2008.5
635,8562.2,-3800.7,-13291,-2005
636,8564.3,-3797.7,-13291,-2001.3
637,8566.6,-3794.3,-13291,-1997.6
638,8568.6,-3790.3,-13292,-1994.8
639,8570.8,-3785.7,-13292,-1992.7
640,8573.3,-3780.8,-13292,-1991.4
641,8575.8,-3775.9,-13292,-1990.2
642,8578.9,-3770.7,-13291,-1989.5
643,8582.7,-3765.7,-13290,-1988.7
644,8587.3,-3760.6,-13289,-1988.1
645,8592.3,-3756,-13287,-1987.3
646,8597.6,-3751.9,-13285,-1986.5
647,8603,-3748.4,-13283,-1985.3
648,8608.1,-3745,-13281,-1984.4
649,8612.9,-3742.5,-13278,-1983
650,8617.3,-3740.5,-13276,-1981.7
651,8620.8,-3738.7,-13275,-1980.5
652,8624,-3737.1,-13273,-1979.5
653,8626.5,-3735.8,-13272,-1978.5
654,8628.6,-3734.6,-13271,-1977.5
655,8630.3,-3733.1,-13271,-1976.8
656,8632.4,-3731.5,-13270,-1976.1
657,8634.2,-3729.5,-13269,-1975.5
658,8636,-3727.4,-13269,-1975
659,8637.7,-3725.6,-13268,-1974.3
660,8639.6,-3723.6,-13268,-1973.7
661,8641.5,-3721.4,-13267,-1973.7
662,8643.6,-3718.9,-13266,-1974.4
663,8645.5,-3716.7,-13266,-1975.3
664,8647.2,-3714.2,-13265,-1976.7
665,8648.8,-3712.4,-13264,-1977.9
666,8650.5,-3710.7,-13263,-1979.1
667,8651.5,-3709.1,-13263,-1980.7
668,8652.1,-3707.6,-13263,-1982.4
669,8652.4,-3706.4,-13263,-1984.2
670,8652,-3705.5,-13263,-1985.9
671,8651.5,-3705.1,-13263,-1987.5
672,8651.5,-3705.2,-13263,-1988.9
673,8651.4,-3706,-13263,-1989.6
674,8652,-3706.8,-13262,-1990.3
675,8653.2,-3708,-13261,-1991
676,8654.9,-3709.3,-13259,-1991.7
677,8657,-3710.6,-13257,-1992.7
678,8659.4,-3711.9,-13255,-1993.6
679,8661.8,-3712.8,-13253,-1994.9
680,8664.5,-3713.1,-13251,-1997
681,8667.4,-3713.2,-13249,-1999.1
682,8670.4,-3713,-13246,-2000.8
683,8673.6,-3712.7,-13244,-2003
684,8676.9,-3712.4,-13242,-2004.7
685,8679.9,-3712.2,-13240,-2006.3
686,8683.2,-3712.1,-13237,-2007.5
687,8686.7,-3712,-13235,-2008.8
688,8689.7,-3711.3,-13233,-2011.1
689,8692.1,-3710.1,-13231,-2015
690,8694.3,-3709.4,-13229,-2019.4
691,8696.9,-3709.7,-13227,-2023.4
692,8700.2,-3711.2,-13224,-2026.4
693,8703.8,-3713.2,-13220,-2028.6
694,8707.4,-3715.3,-13217,-2030.5
695,8711.2,-3716.9,-13214,-2033.4
696,8714.8,-3717.5,-13210,-2037.5
697,8718.5,-3716.9,-13207,-2043
698,8722.3,-3715.2,-13204,-2049.6
699,8725.7,-3712.3,-13202,-2057.8
700,8728.8,-3708.6,-13199,-2067
701,8731.3,-3704,-13197,-2077.1
702,8733.3,-3699.4,-13195,-2087.8
703,8734.7,-3694.9,-13194,-2098.8
704,8735.3,-3690.8,-13193,-2109.8
705,8735.3,-3687.1,-13192,-2120.9
706,8735,-3684.8,-13191,-2131.3
707,8734.5,-3683.4,-13191,-2141.4
708,8733.6,-3683.1,-13190,-2151
709,8732.2,-3683.3,-13189,-2160.9
710,8731.4,-3684.3,-13188,-2170.4
711,8731.1,-3685.7,-13186,-2179.6
712,8731.7,-3687.5,-13184,-2188.7
713,8732.8,-3689.7,-13181,-2197.8
714,8735,-3691.7,-13177,-2207.2
715,8737.6,-3693.6,-13173,-2216.5
716,8741,-3695,-13169,-2226
717,8744.3,-3695.7,-13165,-2235.5
718,8747.2,-3695.8,-13161,-2245.5
719,8749.8,-3695.2,-13158,-2255.2
720,8752,-3694.5,-13155,-2264.5
721,8753.9,-3693.4,-13153,-2273.1
722,8755.5,-3692.7,-13151,-2281
723,8756.9,-3692.2,-13149,-2288.1
724,8758.5,-3691.8,-13146,-2294.8
725,8760.1,-3691.8,-13144,-2301
726,8762.6,-3692.5,-13142,-2306.2
727,8765.4,-3693.8,-13139,-2310.5
728,8769.6,-3695.8,-13135,-2314.1
729,8774.9,-3698.6,-13130,-2316.3
730,8781.2,-3701.7,-13124,-2318.1
731,8788.3,-3705.2,-13118,-2319.7
732,8796.1,-3708.7,-13112,-2321.5
733,8804.2,-3712.4,-13105,-2323.8
734,8812.4,-3716.1,-13098,-2326.9
735,8820.9,-3719.8,-13090,-2330.3
736,8829,-3723.1,-13083,-2334.4
737,8836.4,-3726.1,-13077,-2339.2
738,8843.5,-3729,-13070,-2344.5
739,8850.8,-3731.2,-13063,-2350.4
740,8857.4,-3732.2,-13057,-2357.3
741,8864.2,-3732.3,-13051,-2364.9
742,8871.5,-3732,-13045,-2372.1
743,8879.3,-3731.8,-13039,-2379.1
744,8887.5,-3732.2,-13032,-2385.5
745,8896.4,-3733.7,-13024,-2390.5
746,8905.4,-3735.9,-13017,-2394.8
747,8914.9,-3738.6,-13009,-2399
748,8924.2,-3741.6,-13001,-2403.3
749,8932.5,-3745.1,-12993,-2408.5
750,8940.2,-3749.2,-12986,-2413.9
751,8948.3,-3754.2,-12978,-2419.1
752,8956.3,-3760,-12969,-2424.2
753,8964.4,-3765.4,-12961,-2430.2
754,8972.9,-3770.9,-12952,-2436.5
755,8981.8,-3776.2,-12943,-2443
756,8990.8,-3781.4,-12934,-2450.2
757,9000.1,-3786.8,-12925,-2457.3
758,9009.4,-3792.1,-12916,-2464.6
759,9018.7,-3797.2,-12906,-2472.1
760,9028.3,-3802.2,-12897,-2479.5
761,9037.7,-3806.6,-12887,-2486.9
762,9047.2,-3810.1,-12878,-2495
763,9055.9,-3812.5,-12869,-2503.8
764,9064.8,-3814.6,-12861,-2512.6
765,9073.5,-3816.8,-12852,-2520.3
766,9082,-3818.5,-12844,-2528.1
767,9091,-3821.1,-12836,-2534.7
768,9100.3,-3824.1,-12827,-2540.9
769,9110.4,-3827.5,-12818,-2546.5
770,9121,-3831.3,-12808,-2551.7
771,9131,-3835.2,-12799,-2557.5
772,9140.5,-3838.7,-12790,-2564.2
773,9149.6,-3841.9,-12781,-2572.3
774,9158.6,-3845,-12771,-2581.6
775,9168.1,-3848.2,-12762,-2591.3
776,9178.3,-3851.7,-12751,-2601
777,9188.8,-3856.1,-12740,-2610
778,9199.6,-3860.8,-12730,-2618.3
779,9210.8,-3865.5,-12719,-2625.8
780,9221.7,-3869.5,-12708,-2633.6
781,9231.6,-3872.4,-12698,-2641.8
782,9240.5,-3874.3,-12689,-2650.7
783,9248.5,-3875.2,-12681,-2659.7
784,9255.6,-3875.8,-12674,-2667.9
785,9262.5,-3876.3,-12667,-2675.5
786,9270,-3877.7,-12660,-2681
787,9277.6,-3879.7,-12653,-2685.4
788,9285.1,-3881.8,-12646,-2689.2
789,9292.6,-3884.5,-12639,-2691.8
790,9300,-3887.9,-12632,-2693.4
791,9306.6,-3891.8,-12626,-2694.6
792,9313.7,-3895.6,-12619,-2696.3
793,9320.8,-3899.7,-12612,-2697.5
794,9328.2,-3904.2,-12605,-2698.6
795,9336.3,-3908.6,-12598,-2700.4
796,9344.9,-3913.5,-12589,-2701.6
797,9353.5,-3918.6,-12581,-2702.2
798,9362.3,-3923.5,-12573,-2702.7
799,9370.3,-3928.4,-12566,-2702.8
800,9377.4,-3932.4,-12559,-2703.3
801,9383.8,-3935.3,-12553,-2704.9
802,9389.6,-3938.1,-12547,-2706.6
803,9394.9,-3939.7,-12542,-2709.7
804,9400.5,-3940.8,-12537,-2712.9
805,9406.3,-3941.6,-12532,-2715.8
806,9412.5,-3942.8,-12526,-2717.4
807,9419.2,-3943.9,-12521,-2718.4
808,9426.8,-3945.7,-12515,-2717.9
809,9434.2,-3948.6,-12509,-2715.5
810,9441.7,-3951.8,-12503,-2712.2
811,9448.9,-3955,-12497,-2708.6
812,9455.6,-3957.9,-12492,-2705.7
813,9461.9,-3960.4,-12487,-2703.6
814,9468.7,-3962.2,-12481,-2703.3
815,9475.6,-3964.5,-12475,-2703.3
816,9482.4,-3966.9,-12469,-2704.2
817,9489.8,-3969.1,-12462,-2706.3
818,9496.8,-3971.8,-12455,-2708.7
819,9503.6,-3974.3,-12449,-2711.9
820,9510.2,-3976.4,-12442,-2716.1
821,9515.9,-3978.2,-12436,-2721.6
822,9520.1,-3979.7,-12431,-2728.4
823,9523.3,-3980.6,-12426,-2736.6
824,9526.5,-3982.1,-12421,-2744.5
825,9529.6,-3984.4,-12417,-2751.3
826,9532.3,-3986.6,-12413,-2757.6
827,9534.3,-3989.4,-12409,-2762.5
828,9536.2,-3993,-12406,-2765.6
829,9538.2,-3996.9,-12403,-2767.4
830,9539.8,-4001.5,-12400,-2767.3
831,9541.1,-4007,-12398,-2765.4
832,9541.5,-4011.8,-12396,-2763.6
833,9541.1,-4015.9,-12395,-2762.5
834,9539.1,-4020,-12396,-2761.6
835,9536.4,-4024,-12397,-2761.6
836,9532.9,-4027.5,-12398,-2762.7
837,9529.5,-4030.9,-12399,-2764.7
838,9526,-4034.2,-12400,-2767.4
839,9522.7,-4036.6,-12401,-2771.6
840,9519.4,-4038.9,-12401,-2776.3
841,9516.3,-4041.1,-12402,-2781.5
842,9513.4,-4043.2,-12402,-2786.5
843,9511.2,-4045.8,-12402,-2790.5
844,9509.9,-4048.7,-12402,-2793.1
845,9509.4,-4051.7,-12401,-2794.7
846,9509.9,-4055.1,-12399,-2794.5
847,9510.3,-4058.5,-12398,-2792.7
848,9510.1,-4061.8,-12398,-2790.1
849,9509.6,-4064.1,-12398,-2787.8
850,9508.5,-4066.5,-12399,-2785.1
851,9505.9,-4067.8,-12401,-2783.9
852,9501.7,-4068.7,-12404,-2783.7
853,9496,-4069.5,-12408,-2784.7
854,9489.5,-4070,-12412,-2787.4
855,9482.9,-4071,-12416,-2791.2
856,9476.5,-4073.2,-12419,-2794.8
857,9470.4,-4076.1,-12422,-2798.8
858,9464.8,-4079,-12424,-2803.6
859,9460.7,-4082.2,-12425,-2808.6
860,9456.9,-4085.6,-12425,-2814
861,9453.4,-4088.8,-12426,-2819.7
862,9450.5,-4091.7,-12426,-2825.5
863,9447.4,-4094.2,-12426,-2831.3
864,9444,-4096.4,-12427,-2836.7
865,9440.1,-4098.8,-12428,-2841.6
866,9435.3,-4100.8,-12429,-2846.5
867,9429.4,-4102.8,-12432,-2851.2
868,9422.9,-4104.5,-12435,-2856.3
869,9416.2,-4106.5,-12439,-2861.7
870,9409.4,-4109.2,-12442,-2866.8
871,9403.1,-4112.3,-12444,-2871.6
872,9397.2,-4115.5,-12447,-2876.2
873,9391.3,-4118,-12449,-2881.6
874,9385.3,-4119.1,-12452,-2888.8
875,9379.1,-4119.3,-12454,-2897.3
876,9372.4,-4118.9,-12457,-2906.8
877,9365.9,-4118.2,-12460,-2916.9
878,9359.9,-4118,-12462,-2925.9
879,9353.9,-4117.8,-12465,-2934.2
880,9348.2,-4118,-12468,-2940.7
881,9342.5,-4117.8,-12471,-2946.7
882,9336.4,-4117.5,-12474,-2951.5
883,9330.1,-4116.9,-12478,-2956.1
884,9323.6,-4116.4,-12482,-2960.3
885,9316.8,-4115.9,-12486,-2964.5
886,9310.4,-4115.9,-12490,-2968.9
887,9304.5,-4116.4,-12493,-2973.3
888,9297.8,-4117.2,-12497,-2977.9
889,9291.1,-4117.9,-12500,-2983.1
890,9284.3,-4117.9,-12504,-2989.5
891,9277.7,-4116.9,-12507,-2997.4
892,9270.5,-4115.2,-12511,-3006.6
893,9263.1,-4113.4,-12515,-3015.8
894,9255.8,-4111.8,-12519,-3023.9
895,9248.4,-4110.6,-12523,-3030.5
896,9240.8,-4109.3,-12528,-3035.7
897,9233.2,-4108.1,-12533,-3039.4
898,9225.9,-4106.7,-12538,-3042.1
899,9218.7,-4104.7,-12543,-3044.1
900,9212.1,-4103.2,-12548,-3045.4
901,9206,-4101.4,-12553,-3046.7
902,9200.3,-4100,-12557,-3048.2
903,9194.9,-4099.2,-12561,-3049.3
904,9190.5,-4099,-12564,-3050.4
905,9186.2,-4099.2,-12567,-3051.7
906,9182.1,-4099.5,-12570,-3053.4
907,9178.4,-4099.8,-12572,-3055.5
908,9174.5,-4100.3,-12574,-3057.5
909,9170,-4101.2,-12577,-3059
910,9165.4,-4102.1,-12579,-3059.9
911,9159.7,-4102.9,-12583,-3059.9
912,9153,-4103.5,-12588,-3058.6
913,9145.5,-4103.8,-12594,-3055.8
914,9136.9,-4103.6,-12602,-3051.7
915,9127,-4102.8,-12610,-3046.6
916,9115.9,-4101.7,-12620,-3040.6
917,9104.3,-4099.8,-12631,-3034.4
918,9092,-4097.9,-12642,-3028
919,9080.1,-4096.4,-12652,-3021.1
920,9069.4,-4095.1,-12662,-3013.9
921,9059.8,-4094.6,-12671,-3006
922,9051.4,-4094.5,-12679,-2997.7
923,9043.7,-4094.5,-12686,-2989.4
924,9036.7,-4093.9,-12693,-2982.2
925,9030.3,-4092.7,-12700,-2976.5
926,9023.9,-4090.9,-12706,-2972.1
927,9017.4,-4089.3,-12712,-2968.8
928,9010.7,-4087.1,-12718,-2966.4
929,9004.4,-4084.6,-12723,-2964.3
930,8997.7,-4082.3,-12729,-2962
931,8990.1,-4079.9,-12736,-2959.6
932,8982.4,-4078.1,-12743,-2955.8
933,8973.8,-4077.3,-12751,-2949.9
934,8964.6,-4077.5,-12759,-2941.4
935,8954.9,-4078.2,-12768,-2930.8
936,8944.3,-4078.9,-12778,-2918.4
937,8932.8,-4078.9,-12789,-2905.3
938,8921.4,-4078.2,-12800,-2892.1
939,8910.3,-4076.6,-12812,-2879
940,8899.4,-4073.8,-12823,-2866.7
941,8889,-4069.5,-12834,-2856
942,8879.2,-4064.1,-12844,-2846.5
943,8869.7,-4058.3,-12855,-2837.8
944,8861.3,-4052.3,-12864,-2829.8
945,8853.7,-4047.1,-12873,-2820.6
946,8847,-4042.8,-12881,-2810.2
947,8841.1,-4039.1,-12889,-2799.4
948,8835.9,-4036.4,-12896,-2787.8
949,8831.4,-4034.7,-12902,-2775.3
950,8827.3,-4033.5,-12908,-2762.7
951,8823.7,-4032.4,-12913,-2750.1
952,8820.3,-4031.6,-12919,-2737.5
953,8816.5,-4030.5,-12924,-2725.5
954,8812.6,-4029.2,-12929,-2714.4
955,8808.5,-4028,-12935,-2703.4
956,8803.9,-4027.1,-12941,-2692.5
957,8798.8,-4026.5,-12947,-2681.2
958,8793.3,-4025.9,-12953,-2669.8
959,8787.1,-4025.8,-12960,-2657.5
960,8780.3,-4026,-12967,-2644.6
961,8773.1,-4026.6,-12974,-2630.6
962,8765.6,-4027.7,-12982,-2615.5
963,8758,-4029.3,-12990,-2599.4
964,8750.8,-4030.7,-12998,-2583.2
965,8743.7,-4031.9,-13005,-2567.2
966,8737.4,-4032.9,-13012,-2551.8
967,8731.7,-4033.4,-13019,-2537.4
968,8727.1,-4033,-13024,-2524.5
969,8722.7,-4032.1,-13030,-2513.3
970,8718.5,-4030.8,-13035,-2503.5
971,8714.7,-4029.7,-13039,-2494.6
972,8711,-4028.9,-13044,-2485.8
973,8707.2,-4028.3,-13048,-2477.9
974,8703,-4028.2,-13052,-2470.4
975,8698.6,-4028.7,-13057,-2462.9
976,8693.8,-4030.1,-13061,-2454.9
977,8688.6,-4032,-13065,-2446.5
978,8683.3,-4034.8,-13070,-2437.2
979,8677.7,-4038.2,-13074,-2427.1
980,8671.6,-4041.9,-13079,-2416.1
981,8665.4,-4046.1,-13084,-2404.5
982,8659.3,-4050.4,-13089,-2392
983,8653.1,-4054.9,-13094,-2379
984,8646.9,-4059.4,-13099,-2365.4
985,8640.3,-4063.9,-13105,-2351.7
986,8633.5,-4068,-13110,-2338.3
987,8626.3,-4072.1,-13116,-2325.5
988,8618.7,-4076.2,-13122,-2312.9
989,8610.6,-4080.1,-13128,-2301.4
990,8602.7,-4084.4,-13134,-2289.6
991,8595.1,-4089.1,-13140,-2277.7
992,8587.1,-4093.2,-13145,-2266.8
993,8579.4,-4097.4,-13151,-2255.9
994,8571.9,-4101.4,-13156,-2245.6
995,8564.2,-4105,-13162,-2236
996,8556.6,-4108.4,-13167,-2226.7
997,8549.1,-4111.9,-13173,-2217.7
998,8541.7,-4115.3,-13178,-2208.7
999,8534.4,-4118.9,-13183,-2199.2
