0,-3.1372,-1.1763,2.7352
0.0049999,-3.1391,-1.1779,2.7361
0.0099998,-3.1413,-1.1793,2.7371
0.015,3.1398,-1.1807,2.7381
0.02,3.138,-1.1819,2.7387
0.025,3.1365,-1.1831,2.739
0.03,3.1352,-1.1842,2.7392
0.035,3.1342,-1.1854,2.7392
0.04,3.1333,-1.1865,2.739
0.045,3.1327,-1.1877,2.7387
0.05,3.1324,-1.189,2.7381
0.055,3.1325,-1.1903,2.7371
0.06,3.1328,-1.1917,2.736
0.065,3.1332,-1.1931,2.7348
0.07,3.1339,-1.1947,2.7335
0.075,3.1345,-1.1961,2.7323
0.08,3.1351,-1.1976,2.7312
0.085,3.1357,-1.199,2.7301
0.09,3.1362,-1.2003,2.7292
0.095,3.1364,-1.2014,2.7285
0.1,3.1365,-1.2025,2.7281
0.105,3.1362,-1.2035,2.7279
0.11,3.1354,-1.2045,2.7283
0.115,3.1342,-1.2054,2.7292
0.12,3.1327,-1.2065,2.7303
0.125,3.1313,-1.2077,2.7314
0.13,3.1303,-1.2088,2.7321
0.135,3.1302,-1.21,2.732
0.14,3.1309,-1.2112,2.7312
0.145,3.1319,-1.2125,2.7302
0.15,3.1333,-1.2139,2.7288
0.155,3.1349,-1.2151,2.7274
0.16,3.1366,-1.2163,2.7258
0.165,3.1385,-1.2175,2.724
0.17,3.1405,-1.2187,2.7221
0.175,-3.1404,-1.22,2.7199
0.18,-3.138,-1.2213,2.7176
0.185,-3.136,-1.2226,2.7155
0.19,-3.1348,-1.2238,2.7144
0.195,-3.1345,-1.225,2.714
0.2,-3.1348,-1.2262,2.7144
0.205,-3.136,-1.2272,2.7155
0.21,-3.1375,-1.2282,2.7169
0.215,-3.1387,-1.2293,2.718
0.22,-3.1398,-1.2304,2.719
0.225,-3.1406,-1.2315,2.7197
0.23,-3.1412,-1.2328,2.7202
0.235,-3.1415,-1.234,2.7204
0.24,-3.1413,-1.2354,2.72
0.245,-3.1404,-1.2367,2.7189
0.25,-3.1385,-1.2381,2.7167
0.255,-3.1361,-1.2395,2.7141
0.26,-3.1337,-1.241,2.7113
0.265,-3.1308,-1.2425,2.7079
0.27,-3.1278,-1.2439,2.7044
0.275,-3.1246,-1.2454,2.7007
0.28,-3.1215,-1.2466,2.6971
0.285,-3.1188,-1.2478,2.6939
0.29,-3.1165,-1.2489,2.6912
0.295,-3.1146,-1.2498,2.6889
0.3,-3.1134,-1.2508,2.6874
0.305,-3.1127,-1.2518,2.6864
0.31,-3.1123,-1.2528,2.6857
0.315,-3.1123,-1.2539,2.6856
0.32,-3.1123,-1.2551,2.6855
0.325,-3.1122,-1.2563,2.6853
0.33,-3.112,-1.2575,2.6849
0.335,-3.1115,-1.2587,2.6842
0.34,-3.1104,-1.2601,2.6829
0.345,-3.1087,-1.2614,2.681
0.35,-3.1064,-1.2628,2.6784
0.355,-3.1036,-1.2643,2.6752
0.36,-3.1,-1.2659,2.6711
0.365,-3.0959,-1.2674,2.6666
0.37,-3.0916,-1.2689,2.6619
0.375,-3.0874,-1.2705,2.6573
0.38,-3.0836,-1.2718,2.6531
0.385,-3.0805,-1.2731,2.6496
0.39,-3.0777,-1.2743,2.6465
0.395,-3.075,-1.2753,2.6436
0.4,-3.0727,-1.2763,2.6411
0.405,-3.0705,-1.2772,2.6389
0.41,-3.0685,-1.2781,2.6369
0.415,-3.0671,-1.279,2.6356
0.42,-3.0662,-1.28,2.6348
0.425,-3.0657,-1.281,2.6345
0.43,-3.0654,-1.2819,2.6343
0.435,-3.0654,-1.2828,2.6344
0.44,-3.0652,-1.2837,2.6343
0.445,-3.0647,-1.2845,2.6337
0.45,-3.0638,-1.2855,2.6327
0.455,-3.0617,-1.2866,2.6305
0.46,-3.0583,-1.2877,2.6271
0.465,-3.0548,-1.2889,2.6235
0.47,-3.051,-1.2902,2.6196
0.475,-3.0477,-1.2916,2.6162
0.48,-3.0452,-1.2929,2.6135
0.485,-3.0437,-1.2942,2.6118
0.49,-3.0424,-1.2955,2.6103
0.495,-3.0416,-1.2967,2.6093
0.5,-3.0414,-1.2978,2.6088
0.505,-3.042,-1.2988,2.6091
0.51,-3.0439,-1.2997,2.6107
0.515,-3.0473,-1.3005,2.6137
0.52,-3.0512,-1.3012,2.6172
0.525,-3.055,-1.3018,2.6205
0.53,-3.0585,-1.3023,2.6235
0.535,-3.0615,-1.3027,2.626
0.54,-3.0642,-1.3029,2.6281
0.545,-3.0666,-1.303,2.63
0.55,-3.0691,-1.303,2.632
0.555,-3.0712,-1.303,2.6336
0.56,-3.0723,-1.303,2.6343
0.565,-3.073,-1.303,2.6345
0.57,-3.0732,-1.3031,2.6343
0.575,-3.0732,-1.3032,2.634
0.58,-3.0734,-1.3034,2.6339
0.585,-3.074,-1.3036,2.6343
0.59,-3.0751,-1.3038,2.6351
0.595,-3.0769,-1.3038,2.6368
0.6,-3.0791,-1.3037,2.6388
0.605,-3.0816,-1.3033,2.641
0.61,-3.0846,-1.3027,2.6438
0.615,-3.0882,-1.3018,2.6471
0.62,-3.0917,-1.3008,2.6503
0.625,-3.0946,-1.2995,2.6529
0.63,-3.0973,-1.2983,2.6553
0.635,-3.0993,-1.2972,2.6571
0.64,-3.1007,-1.2961,2.6582
0.645,-3.1019,-1.2951,2.6591
0.65,-3.1027,-1.2943,2.6597
0.655,-3.1036,-1.2937,2.6604
0.66,-3.1043,-1.2932,2.661
0.665,-3.1051,-1.293,2.6615
0.67,-3.105,-1.2929,2.6611
0.675,-3.1043,-1.2928,2.66
0.68,-3.1027,-1.2926,2.6582
0.685,-3.1,-1.2924,2.6554
0.69,-3.0971,-1.2917,2.6523
0.695,-3.094,-1.2909,2.649
0.7,-3.0905,-1.2897,2.6454
0.705,-3.0871,-1.2883,2.6418
0.71,-3.0845,-1.2868,2.6389
0.715,-3.0829,-1.2853,2.6371
0.72,-3.0823,-1.2838,2.6362
0.725,-3.0823,-1.2823,2.6359
0.73,-3.0822,-1.281,2.6357
0.735,-3.0818,-1.2798,2.635
0.74,-3.0807,-1.2786,2.6339
0.745,-3.0793,-1.2775,2.6326
0.75,-3.078,-1.2764,2.6315
0.755,-3.077,-1.2753,2.6307
0.76,-3.0761,-1.2742,2.6301
0.765,-3.0747,-1.2731,2.629
0.77,-3.0725,-1.2719,2.6273
0.775,-3.0701,-1.2707,2.6252
0.78,-3.0678,-1.2695,2.6232
0.785,-3.0662,-1.2683,2.6219
0.79,-3.0656,-1.2672,2.6212
0.795,-3.0658,-1.2661,2.6212
0.8,-3.066,-1.265,2.6212
0.805,-3.0663,-1.264,2.621
0.81,-3.0665,-1.2631,2.6207
0.815,-3.0666,-1.2624,2.6204
0.82,-3.0671,-1.2618,2.6204
0.825,-3.0682,-1.2611,2.6213
0.83,-3.0699,-1.2605,2.6227
0.835,-3.0718,-1.2598,2.6245
0.84,-3.0739,-1.259,2.6265
0.845,-3.0749,-1.2582,2.6276
0.85,-3.0754,-1.2572,2.6283
0.855,-3.0753,-1.2561,2.6286
0.86,-3.075,-1.2552,2.6287
0.865,-3.0743,-1.2543,2.6284
0.87,-3.0732,-1.2536,2.6277
0.875,-3.0716,-1.2529,2.6263
0.88,-3.069,-1.2523,2.624
0.885,-3.0659,-1.2518,2.6211
0.89,-3.0625,-1.2514,2.6178
0.895,-3.0597,-1.2509,2.6151
0.9,-3.0576,-1.2505,2.613
0.905,-3.0565,-1.2499,2.6119
0.91,-3.0556,-1.2494,2.6109
0.915,-3.0546,-1.2487,2.61
0.92,-3.0535,-1.248,2.609
0.925,-3.052,-1.2472,2.6078
0.93,-3.0503,-1.2463,2.6065
0.935,-3.0488,-1.2453,2.6055
0.94,-3.0474,-1.2442,2.6046
0.945,-3.0458,-1.2432,2.6037
0.95,-3.0442,-1.2421,2.6027
0.955,-3.0423,-1.2412,2.6015
0.96,-3.04,-1.2406,2.5999
0.965,-3.0378,-1.2402,2.5982
0.97,-3.0357,-1.24,2.5968
0.975,-3.0343,-1.24,2.5958
0.98,-3.0333,-1.2401,2.5952
0.985,-3.033,-1.2402,2.5951
0.99,-3.033,-1.2402,2.5953
0.995,-3.0333,-1.2399,2.5955
1,-3.0338,-1.2395,2.5959
1.005,-3.0337,-1.2388,2.5956
1.01,-3.0327,-1.2381,2.5945
1.015,-3.0307,-1.2372,2.5923
1.02,-3.0279,-1.2361,2.5895
1.025,-3.0246,-1.2349,2.5863
1.03,-3.0213,-1.2337,2.5832
1.035,-3.0182,-1.2326,2.5804
1.04,-3.0152,-1.2316,2.5777
1.045,-3.0122,-1.2305,2.575
1.05,-3.0098,-1.2296,2.573
1.055,-3.0079,-1.2286,2.5713
1.06,-3.0066,-1.2276,2.5702
1.065,-3.0062,-1.2266,2.5698
1.07,-3.0064,-1.2255,2.5699
1.075,-3.007,-1.2243,2.5702
1.08,-3.008,-1.223,2.5707
1.085,-3.009,-1.2217,2.5711
1.09,-3.01,-1.2204,2.5714
1.095,-3.0105,-1.2191,2.5711
1.1,-3.0108,-1.2179,2.5707
1.105,-3.0105,-1.2167,2.5697
1.11,-3.0095,-1.2156,2.568
1.115,-3.0082,-1.2146,2.5662
1.12,-3.0066,-1.2136,2.564
1.125,-3.0051,-1.2126,2.5621
1.13,-3.0041,-1.2115,2.5607
1.135,-3.0035,-1.2103,2.5597
1.14,-3.0034,-1.2089,2.5592
1.145,-3.0039,-1.2074,2.5591
1.15,-3.0049,-1.2057,2.5594
1.155,-3.006,-1.204,2.5599
1.16,-3.0075,-1.2021,2.5606
1.165,-3.009,-1.2002,2.5615
1.17,-3.0105,-1.1982,2.5622
1.175,-3.0117,-1.1962,2.5628
1.18,-3.0129,-1.1943,2.5633
1.185,-3.014,-1.1925,2.5639
1.19,-3.0147,-1.1908,2.564
1.195,-3.0151,-1.1891,2.564
1.2,-3.0152,-1.1876,2.5637
1.205,-3.0149,-1.1861,2.5632
1.21,-3.0146,-1.1847,2.5627
1.215,-3.0145,-1.1834,2.5624
1.22,-3.0146,-1.182,2.5624
1.225,-3.0151,-1.1805,2.5628
1.23,-3.0159,-1.179,2.5636
1.235,-3.0167,-1.1774,2.5643
1.24,-3.0174,-1.1756,2.565
1.245,-3.0184,-1.1738,2.5658
1.25,-3.0192,-1.1719,2.5666
1.255,-3.0199,-1.1701,2.5673
1.26,-3.0205,-1.1682,2.568
1.265,-3.0209,-1.1665,2.5686
1.27,-3.0211,-1.1648,2.5689
1.275,-3.0212,-1.1632,2.5692
1.28,-3.0209,-1.1617,2.5691
1.285,-3.0204,-1.1602,2.5688
1.29,-3.0196,-1.1589,2.5683
1.295,-3.0187,-1.1577,2.5676
1.3,-3.0177,-1.1565,2.5669
1.305,-3.0169,-1.1554,2.5663
1.31,-3.0164,-1.1544,2.566
1.315,-3.0162,-1.1534,2.5661
1.32,-3.0163,-1.1523,2.5664
1.325,-3.0167,-1.1513,2.5669
1.33,-3.0173,-1.1503,2.5677
1.335,-3.0179,-1.1493,2.5685
1.34,-3.0186,-1.1484,2.5694
1.345,-3.0192,-1.1476,2.5702
1.35,-3.0196,-1.1469,2.5708
1.355,-3.0199,-1.1462,2.5714
1.36,-3.0204,-1.1456,2.5721
1.365,-3.0207,-1.1451,2.5725
1.37,-3.021,-1.1446,2.573
1.375,-3.0213,-1.1441,2.5734
1.38,-3.0214,-1.1437,2.5736
1.385,-3.0216,-1.1434,2.5738
1.39,-3.022,-1.1431,2.5743
1.395,-3.0224,-1.1429,2.5746
1.4,-3.0227,-1.1426,2.575
1.405,-3.0231,-1.1424,2.5753
1.41,-3.0233,-1.1422,2.5755
1.415,-3.0233,-1.1421,2.5755
1.42,-3.0232,-1.1419,2.5754
1.425,-3.0228,-1.1417,2.5752
1.43,-3.0223,-1.1416,2.5749
1.435,-3.0218,-1.1414,2.5745
1.44,-3.0214,-1.1413,2.5744
1.445,-3.0211,-1.1411,2.5743
1.45,-3.0208,-1.141,2.5741
1.455,-3.0205,-1.1409,2.5739
1.46,-3.02,-1.1408,2.5735
1.465,-3.0194,-1.1409,2.573
1.47,-3.0187,-1.141,2.5723
1.475,-3.018,-1.1413,2.5716
1.48,-3.0171,-1.1416,2.5707
1.485,-3.0163,-1.1419,2.5699
1.49,-3.0154,-1.1423,2.569
1.495,-3.0145,-1.1428,2.5681
1.5,-3.0137,-1.1433,2.5673
1.505,-3.013,-1.1439,2.5666
1.51,-3.0122,-1.1446,2.5658
1.515,-3.0114,-1.1453,2.565
1.52,-3.0106,-1.1462,2.5642
1.525,-3.0099,-1.1472,2.5635
1.53,-3.0094,-1.1482,2.563
1.535,-3.0092,-1.1493,2.5627
1.54,-3.0091,-1.1504,2.5625
1.545,-3.0092,-1.1517,2.5624
1.55,-3.0096,-1.153,2.5626
1.555,-3.01,-1.1544,2.5627
1.56,-3.0105,-1.1558,2.5629
1.565,-3.0109,-1.1573,2.5631
1.57,-3.0113,-1.159,2.5631
1.575,-3.0112,-1.1606,2.5627
1.58,-3.0108,-1.1623,2.562
1.585,-3.01,-1.1641,2.561
1.59,-3.0089,-1.1659,2.5597
1.595,-3.0078,-1.1676,2.5585
1.6,-3.0069,-1.1694,2.5573
1.605,-3.0063,-1.1712,2.5564
1.61,-3.006,-1.1729,2.5559
1.615,-3.0062,-1.1746,2.5558
1.62,-3.0071,-1.1763,2.5563
1.625,-3.0081,-1.1779,2.557
1.63,-3.0094,-1.1794,2.5579
1.635,-3.0111,-1.1809,2.5591
1.64,-3.0128,-1.1823,2.5603
1.645,-3.0148,-1.1837,2.5618
1.65,-3.0165,-1.185,2.5631
1.655,-3.018,-1.1863,2.5641
1.66,-3.0194,-1.1875,2.565
1.665,-3.0205,-1.1887,2.5657
1.67,-3.0213,-1.1898,2.5659
1.675,-3.0214,-1.1909,2.5655
1.68,-3.0211,-1.1919,2.5647
1.685,-3.0208,-1.1928,2.564
1.69,-3.0207,-1.1937,2.5633
1.695,-3.021,-1.1946,2.5631
1.7,-3.0216,-1.1954,2.5631
1.705,-3.0224,-1.1961,2.5633
1.71,-3.0235,-1.1969,2.5638
1.715,-3.025,-1.1977,2.5646
1.72,-3.0264,-1.1984,2.5654
1.725,-3.0284,-1.1991,2.5667
1.73,-3.0309,-1.1998,2.5685
1.735,-3.0338,-1.2005,2.5707
1.74,-3.037,-1.2013,2.5731
1.745,-3.04,-1.202,2.5753
1.75,-3.0424,-1.2026,2.577
1.755,-3.0441,-1.2032,2.5779
1.76,-3.0453,-1.2037,2.5784
1.765,-3.0458,-1.2041,2.5782
1.77,-3.0461,-1.2044,2.5779
1.775,-3.0466,-1.2047,2.5776
1.78,-3.0469,-1.2049,2.5771
1.785,-3.0474,-1.205,2.5769
1.79,-3.0483,-1.2051,2.5769
1.795,-3.0492,-1.2053,2.577
1.8,-3.0502,-1.2053,2.5772
1.805,-3.0511,-1.2055,2.5774
1.81,-3.0519,-1.2056,2.5775
1.815,-3.0523,-1.2059,2.5774
1.82,-3.0526,-1.2062,2.5772
1.825,-3.053,-1.2066,2.5771
1.83,-3.0532,-1.2071,2.5768
1.835,-3.0536,-1.2076,2.5768
1.84,-3.0541,-1.2084,2.5769
1.845,-3.0545,-1.2092,2.5769
1.85,-3.0547,-1.2102,2.5767
1.855,-3.0549,-1.2113,2.5764
1.86,-3.055,-1.2124,2.576
1.865,-3.0549,-1.2135,2.5754
1.87,-3.0548,-1.2146,2.5747
1.875,-3.0545,-1.2156,2.5738
1.88,-3.0544,-1.2165,2.573
1.885,-3.0541,-1.2173,2.5721
1.89,-3.0537,-1.2179,2.571
1.895,-3.0531,-1.2184,2.5697
1.9,-3.0525,-1.2189,2.5684
1.905,-3.0521,-1.2193,2.5673
1.91,-3.0516,-1.2197,2.5661
1.915,-3.0513,-1.2202,2.565
1.92,-3.051,-1.2208,2.564
1.925,-3.0504,-1.2215,2.5626
1.93,-3.0495,-1.2224,2.5609
1.935,-3.0483,-1.2234,2.5589
1.94,-3.0471,-1.2245,2.5569
1.945,-3.0465,-1.2257,2.5553
1.95,-3.0462,-1.2269,2.5541
1.955,-3.0463,-1.2282,2.5531
1.96,-3.0463,-1.2294,2.5521
1.965,-3.0463,-1.2305,2.5509
1.97,-3.0461,-1.2317,2.5495
1.975,-3.0455,-1.2329,2.5477
1.98,-3.0449,-1.234,2.5459
1.985,-3.0442,-1.2351,2.5439
1.99,-3.0432,-1.2361,2.5417
1.995,-3.0418,-1.237,2.5391
2,-3.0398,-1.2376,2.536
2.005,-3.0375,-1.2381,2.5326
2.01,-3.0351,-1.2387,2.5292
2.015,-3.0332,-1.2392,2.5263
2.02,-3.0315,-1.2399,2.5236
2.025,-3.0294,-1.2406,2.5206
2.03,-3.0272,-1.2415,2.5174
2.035,-3.0246,-1.2425,2.514
2.04,-3.0218,-1.2437,2.5103
2.045,-3.0192,-1.2449,2.5069
2.05,-3.0171,-1.2463,2.504
2.055,-3.0153,-1.2478,2.5013
2.06,-3.0137,-1.2493,2.4989
2.065,-3.0127,-1.2508,2.497
2.07,-3.0121,-1.2524,2.4957
2.075,-3.0115,-1.254,2.4944
2.08,-3.0109,-1.2553,2.4931
2.085,-3.0098,-1.2566,2.4914
2.09,-3.008,-1.2578,2.4892
2.095,-3.006,-1.2589,2.4868
2.1,-3.0038,-1.26,2.4842
2.105,-3.0018,-1.261,2.4819
2.11,-2.9998,-1.2621,2.4795
2.115,-2.9979,-1.2631,2.4772
2.12,-2.9955,-1.2643,2.4744
2.125,-2.9929,-1.2654,2.4713
2.13,-2.9905,-1.2666,2.4684
2.135,-2.9885,-1.2679,2.4658
2.14,-2.987,-1.2692,2.4637
2.145,-2.9861,-1.2706,2.4622
2.15,-2.985,-1.2721,2.4606
2.155,-2.9841,-1.2735,2.4592
2.16,-2.9837,-1.2748,2.4583
2.165,-2.9833,-1.2761,2.4575
2.17,-2.9832,-1.2774,2.4569
2.175,-2.9831,-1.2786,2.4566
2.18,-2.9831,-1.2798,2.4564
2.185,-2.9829,-1.2812,2.456
2.19,-2.9825,-1.2824,2.4556
2.195,-2.9819,-1.2836,2.455
2.2,-2.9806,-1.2848,2.4538
2.205,-2.979,-1.286,2.4523
2.21,-2.9774,-1.287,2.4507
2.215,-2.9756,-1.288,2.449
2.22,-2.974,-1.2891,2.4473
2.225,-2.9729,-1.29,2.4462
2.23,-2.9727,-1.2907,2.446
2.235,-2.973,-1.2914,2.446
2.24,-2.9745,-1.292,2.4473
2.245,-2.9769,-1.2927,2.4493
2.25,-2.9797,-1.2935,2.4516
2.255,-2.9822,-1.2942,2.4536
2.26,-2.9843,-1.2949,2.4552
2.265,-2.9863,-1.2955,2.4568
2.27,-2.9881,-1.296,2.4581
2.275,-2.9898,-1.2963,2.4594
2.28,-2.9913,-1.2964,2.4605
2.285,-2.992,-1.2963,2.4608
2.29,-2.9926,-1.2961,2.461
2.295,-2.9934,-1.2958,2.4615
2.3,-2.9941,-1.2955,2.4618
2.305,-2.9954,-1.2953,2.4626
2.31,-2.9969,-1.2951,2.4635
2.315,-2.9982,-1.295,2.4644
2.32,-2.9996,-1.295,2.4652
2.325,-3.001,-1.2953,2.4661
2.33,-3.0018,-1.2956,2.4664
2.335,-3.0017,-1.2959,2.466
2.34,-3.001,-1.2962,2.4651
2.345,-3,-1.2965,2.464
2.35,-2.9987,-1.2966,2.4627
2.355,-2.9974,-1.2966,2.4616
2.36,-2.9959,-1.2964,2.4603
2.365,-2.9942,-1.2961,2.459
2.37,-2.9929,-1.2957,2.4581
2.375,-2.9925,-1.2952,2.4581
2.38,-2.993,-1.2947,2.4589
2.385,-2.9949,-1.2942,2.4611
2.39,-2.9975,-1.2939,2.4638
2.395,-3.0002,-1.2938,2.4665
2.4,-3.003,-1.2937,2.4691
2.405,-3.0054,-1.2938,2.4714
2.41,-3.0076,-1.294,2.4733
2.415,-3.0092,-1.2941,2.4746
2.42,-3.0104,-1.2942,2.4755
2.425,-3.011,-1.2943,2.4759
2.43,-3.0109,-1.2944,2.4757
2.435,-3.0105,-1.2944,2.4752
2.44,-3.0098,-1.2942,2.4745
2.445,-3.0086,-1.294,2.4733
2.45,-3.0073,-1.2938,2.4724
2.455,-3.0071,-1.2935,2.4725
2.46,-3.0079,-1.2932,2.4734
2.465,-3.0093,-1.293,2.4751
2.47,-3.0111,-1.2927,2.4771
2.475,-3.013,-1.2923,2.479
2.48,-3.0151,-1.2918,2.4813
2.485,-3.0178,-1.2911,2.4841
2.49,-3.0207,-1.2902,2.487
2.495,-3.0235,-1.2892,2.4898
2.5,-3.0262,-1.2882,2.4924
2.505,-3.0282,-1.2873,2.4943
2.51,-3.0293,-1.2864,2.4953
2.515,-3.0294,-1.2858,2.4953
2.52,-3.0285,-1.2853,2.4945
2.525,-3.027,-1.285,2.4931
2.53,-3.0253,-1.2848,2.4916
2.535,-3.0237,-1.2847,2.4903
2.54,-3.0223,-1.2847,2.4891
2.545,-3.0214,-1.2845,2.4886
2.55,-3.0215,-1.2841,2.4891
2.555,-3.0228,-1.2834,2.4908
2.56,-3.0252,-1.2825,2.4934
2.565,-3.0282,-1.2813,2.4968
2.57,-3.0313,-1.2798,2.5
2.575,-3.0336,-1.2783,2.5025
2.58,-3.0351,-1.2767,2.5043
2.585,-3.0355,-1.2752,2.5051
2.59,-3.0351,-1.2739,2.5051
2.595,-3.0348,-1.2727,2.5052
2.6,-3.0345,-1.2719,2.5054
2.605,-3.034,-1.2713,2.5055
2.61,-3.0326,-1.2711,2.5047
2.615,-3.0307,-1.271,2.5034
2.62,-3.0287,-1.271,2.5021
2.625,-3.0268,-1.271,2.5009
2.63,-3.0256,-1.2709,2.5002
2.635,-3.0255,-1.2706,2.5005
2.64,-3.0264,-1.2701,2.5018
2.645,-3.0284,-1.2693,2.5038
2.65,-3.0311,-1.2683,2.5065
2.655,-3.0341,-1.2672,2.5094
2.66,-3.0377,-1.266,2.5128
2.665,-3.0417,-1.2648,2.5164
2.67,-3.0452,-1.2637,2.5197
2.675,-3.0487,-1.2626,2.5229
2.68,-3.0515,-1.2616,2.5255
2.685,-3.0535,-1.2608,2.5275
2.69,-3.0546,-1.2601,2.5286
2.695,-3.0548,-1.2595,2.5289
2.7,-3.0546,-1.259,2.529
2.705,-3.0539,-1.2586,2.5284
2.71,-3.0525,-1.2582,2.5273
2.715,-3.0512,-1.2578,2.5261
2.72,-3.0498,-1.2574,2.5247
2.725,-3.0489,-1.2569,2.5237
2.73,-3.0488,-1.2563,2.5233
2.735,-3.0497,-1.2555,2.5237
2.74,-3.0516,-1.2545,2.525
2.745,-3.0545,-1.2533,2.5271
2.75,-3.0582,-1.252,2.5299
2.755,-3.0624,-1.2505,2.5333
2.76,-3.0661,-1.2489,2.5362
2.765,-3.0684,-1.2472,2.5379
2.77,-3.0692,-1.2454,2.5382
2.775,-3.0684,-1.2435,2.5373
2.78,-3.0661,-1.2415,2.5352
2.785,-3.0628,-1.2396,2.5324
2.79,-3.0591,-1.2375,2.5294
2.795,-3.0551,-1.2354,2.5263
2.8,-3.051,-1.2334,2.523
2.805,-3.0472,-1.2313,2.5201
2.81,-3.0439,-1.2293,2.5176
2.815,-3.0412,-1.2273,2.5155
2.82,-3.0394,-1.2253,2.5141
2.825,-3.0384,-1.2233,2.5135
2.83,-3.0378,-1.2214,2.5131
2.835,-3.0374,-1.2193,2.5126
2.84,-3.037,-1.2173,2.5121
2.845,-3.0362,-1.2152,2.5113
2.85,-3.0352,-1.213,2.5102
2.855,-3.0338,-1.2107,2.5088
2.86,-3.032,-1.2084,2.5071
2.865,-3.03,-1.2059,2.5052
2.87,-3.0282,-1.2034,2.5036
2.875,-3.0267,-1.201,2.5024
2.88,-3.0254,-1.1986,2.5013
2.885,-3.0241,-1.1962,2.5002
2.89,-3.0228,-1.1938,2.4992
2.895,-3.0213,-1.1914,2.4979
2.9,-3.0198,-1.1891,2.4965
2.905,-3.0184,-1.1868,2.4953
2.91,-3.0169,-1.1844,2.494
2.915,-3.0154,-1.182,2.4926
2.92,-3.0141,-1.1796,2.4912
2.925,-3.0127,-1.1772,2.4897
2.93,-3.0113,-1.1748,2.4882
2.935,-3.0103,-1.1724,2.487
2.94,-3.0096,-1.1701,2.4861
2.945,-3.0089,-1.1681,2.4852
2.95,-3.0085,-1.1661,2.4846
2.955,-3.0085,-1.1643,2.4844
2.96,-3.0086,-1.1626,2.4844
2.965,-3.009,-1.1611,2.4846
2.97,-3.0093,-1.1596,2.4848
2.975,-3.0094,-1.1582,2.4848
2.98,-3.0094,-1.1566,2.4847
2.985,-3.0094,-1.155,2.4846
2.99,-3.0093,-1.1534,2.4845
2.995,-3.0095,-1.1518,2.4846
3,-3.0102,-1.1503,2.4851
3.005,-3.0114,-1.1488,2.486
3.01,-3.0128,-1.1473,2.4871
3.015,-3.0144,-1.1459,2.4883
3.02,-3.0161,-1.1446,2.4896
3.025,-3.018,-1.1434,2.4912
3.03,-3.0201,-1.1423,2.4929
3.035,-3.0224,-1.1413,2.4949
3.04,-3.0247,-1.1405,2.4969
3.045,-3.0268,-1.1397,2.4988
3.05,-3.0286,-1.139,2.5004
3.055,-3.0299,-1.1383,2.5017
3.06,-3.0307,-1.1376,2.5026
3.065,-3.0316,-1.1368,2.5036
3.07,-3.0323,-1.1361,2.5045
3.075,-3.0331,-1.1354,2.5055
3.08,-3.0339,-1.1346,2.5065
3.085,-3.0348,-1.1339,2.5076
3.09,-3.0357,-1.1332,2.5088
3.095,-3.0368,-1.1325,2.5101
3.1,-3.038,-1.132,2.5116
3.105,-3.0391,-1.1314,2.513
3.11,-3.0401,-1.1309,2.5144
3.115,-3.0409,-1.1305,2.5156
3.12,-3.0414,-1.1302,2.5165
3.125,-3.0416,-1.1299,2.5172
3.13,-3.0416,-1.1298,2.5176
3.135,-3.0413,-1.1297,2.5179
3.14,-3.0411,-1.1297,2.5182
3.145,-3.0408,-1.1297,2.5184
3.15,-3.0406,-1.1298,2.5187
3.155,-3.0403,-1.1299,2.5188
3.16,-3.04,-1.1301,2.519
3.165,-3.0396,-1.1302,2.5191
3.17,-3.039,-1.1304,2.5191
3.175,-3.0384,-1.1306,2.519
3.18,-3.0378,-1.1308,2.5191
3.185,-3.0372,-1.1309,2.5192
3.19,-3.037,-1.1311,2.5196
3.195,-3.037,-1.1314,2.5202
3.2,-3.0372,-1.1317,2.521
3.205,-3.0375,-1.132,2.5218
3.21,-3.0378,-1.1324,2.5227
3.215,-3.0379,-1.133,2.5234
3.22,-3.0381,-1.1336,2.5241
3.225,-3.038,-1.1343,2.5246
3.23,-3.0379,-1.135,2.5249
3.235,-3.0375,-1.1357,2.525
3.24,-3.0372,-1.1364,2.5252
3.245,-3.0368,-1.137,2.5251
3.25,-3.0363,-1.1376,2.525
3.255,-3.0359,-1.138,2.5249
3.26,-3.0355,-1.1384,2.5248
3.265,-3.0352,-1.1387,2.5247
3.27,-3.0349,-1.139,2.5246
3.275,-3.0348,-1.1392,2.5247
3.28,-3.0347,-1.1395,2.5248
3.285,-3.0346,-1.1397,2.525
3.29,-3.0346,-1.1399,2.5253
3.295,-3.0346,-1.1402,2.5255
3.3,-3.0345,-1.1404,2.5257
3.305,-3.0347,-1.1407,2.526
3.31,-3.035,-1.141,2.5265
3.315,-3.0353,-1.1413,2.527
3.32,-3.0358,-1.1416,2.5276
3.325,-3.0362,-1.1419,2.5281
3.33,-3.0365,-1.1422,2.5285
3.335,-3.037,-1.1424,2.529
3.34,-3.0376,-1.1426,2.5295
3.345,-3.0382,-1.1427,2.53
3.35,-3.0387,-1.1428,2.5305
3.355,-3.0392,-1.1428,2.5309
3.36,-3.0395,-1.1428,2.5311
3.365,-3.0395,-1.1428,2.531
3.37,-3.0395,-1.1429,2.5308
3.375,-3.0393,-1.1431,2.5304
3.38,-3.039,-1.1434,2.53
3.385,-3.0388,-1.1437,2.5296
3.39,-3.0385,-1.1441,2.5291
3.395,-3.0383,-1.1444,2.5288
3.4,-3.0384,-1.1449,2.5286
3.405,-3.0385,-1.1454,2.5286
3.41,-3.0386,-1.1459,2.5285
3.415,-3.0387,-1.1464,2.5285
3.42,-3.0388,-1.1469,2.5285
3.425,-3.0388,-1.1474,2.5284
3.43,-3.0387,-1.1479,2.5282
3.435,-3.0385,-1.1484,2.528
3.44,-3.0388,-1.149,2.5282
3.445,-3.0396,-1.1495,2.5287
3.45,-3.0404,-1.15,2.5293
3.455,-3.041,-1.1505,2.5294
3.46,-3.041,-1.1511,2.5291
3.465,-3.0407,-1.1516,2.5284
3.47,-3.0404,-1.1522,2.5277
3.475,-3.0403,-1.1529,2.5273
3.48,-3.0406,-1.1535,2.5273
3.485,-3.0416,-1.1543,2.5278
3.49,-3.0429,-1.1551,2.5287
3.495,-3.0448,-1.1559,2.5302
3.5,-3.0472,-1.1568,2.5321
3.505,-3.05,-1.1576,2.5345
3.51,-3.053,-1.1584,2.537
3.515,-3.0562,-1.1591,2.5396
3.52,-3.0594,-1.1596,2.5422
3.525,-3.0626,-1.1601,2.5448
3.53,-3.0655,-1.1606,2.5469
3.535,-3.0681,-1.1609,2.5488
3.54,-3.0705,-1.1612,2.5503
3.545,-3.073,-1.1614,2.5519
3.55,-3.0751,-1.1617,2.5531
3.555,-3.0771,-1.1621,2.5541
3.56,-3.0788,-1.1625,2.5549
3.565,-3.0804,-1.163,2.5555
3.57,-3.0821,-1.1637,2.5561
3.575,-3.0836,-1.1645,2.5567
3.58,-3.0852,-1.1653,2.5573
3.585,-3.087,-1.1662,2.5582
3.59,-3.089,-1.167,2.5593
3.595,-3.0911,-1.1678,2.5606
3.6,-3.0932,-1.1685,2.562
3.605,-3.0952,-1.1691,2.5634
3.61,-3.097,-1.1697,2.5646
3.615,-3.0987,-1.1701,2.5656
3.62,-3.1001,-1.1706,2.5666
3.625,-3.1014,-1.1711,2.5673
3.63,-3.1023,-1.1717,2.5677
3.635,-3.1028,-1.1723,2.5677
3.64,-3.1028,-1.173,2.5672
3.645,-3.1022,-1.1738,2.5663
3.65,-3.1014,-1.1748,2.565
3.655,-3.1003,-1.1758,2.5635
3.66,-3.0992,-1.177,2.562
3.665,-3.0981,-1.1782,2.5604
3.67,-3.0972,-1.1795,2.559
3.675,-3.0964,-1.1808,2.5576
3.68,-3.0958,-1.1821,2.5564
3.685,-3.0955,-1.1833,2.5554
3.69,-3.0954,-1.1845,2.5547
3.695,-3.0956,-1.1858,2.5541
3.7,-3.0963,-1.187,2.5542
3.705,-3.0973,-1.1883,2.5546
3.71,-3.0982,-1.1896,2.555
3.715,-3.0991,-1.191,2.5553
3.72,-3.0996,-1.1924,2.5552
3.725,-3.0994,-1.1939,2.5546
3.73,-3.099,-1.1953,2.5536
3.735,-3.0983,-1.1968,2.5524
3.74,-3.0976,-1.1983,2.5511
3.745,-3.0972,-1.1997,2.55
3.75,-3.0968,-1.201,2.5488
3.755,-3.0961,-1.2023,2.5472
3.76,-3.0952,-1.2036,2.5454
3.765,-3.0946,-1.205,2.5438
3.77,-3.094,-1.2065,2.5422
3.775,-3.0934,-1.208,2.5406
3.78,-3.093,-1.2096,2.5391
3.785,-3.0924,-1.2112,2.5375
3.79,-3.092,-1.2128,2.536
3.795,-3.0916,-1.2144,2.5346
3.8,-3.0912,-1.2161,2.5331
3.805,-3.0908,-1.2177,2.5318
3.81,-3.0909,-1.2194,2.5309
3.815,-3.0915,-1.221,2.5305
3.82,-3.0921,-1.2226,2.5302
3.825,-3.0925,-1.2242,2.5297
3.83,-3.0929,-1.2258,2.5294
3.835,-3.0928,-1.2273,2.5286
3.84,-3.0925,-1.2289,2.5275
3.845,-3.0918,-1.2306,2.5261
3.85,-3.0908,-1.2323,2.5243
3.855,-3.0901,-1.2339,2.5228
3.86,-3.0897,-1.2356,2.5215
3.865,-3.0898,-1.2372,2.5207
3.87,-3.0902,-1.2389,2.5201
3.875,-3.0907,-1.2407,2.5195
3.88,-3.0911,-1.2426,2.5187
3.885,-3.0909,-1.2445,2.5174
3.89,-3.0904,-1.2464,2.5159
3.895,-3.0897,-1.2483,2.5141
3.9,-3.0892,-1.2502,2.5126
3.905,-3.0892,-1.2519,2.5117
3.91,-3.0898,-1.2536,2.5114
3.915,-3.0909,-1.2552,2.5117
3.92,-3.0919,-1.2566,2.512
3.925,-3.0928,-1.2579,2.5122
3.93,-3.0928,-1.2592,2.5116
3.935,-3.0924,-1.2605,2.5106
3.94,-3.0917,-1.2617,2.5095
3.945,-3.0905,-1.2629,2.5079
3.95,-3.0889,-1.264,2.5059
3.955,-3.0872,-1.265,2.5037
3.96,-3.0855,-1.2661,2.5016
3.965,-3.0836,-1.2671,2.4993
3.97,-3.0815,-1.2682,2.4967
3.975,-3.0795,-1.2695,2.4942
3.98,-3.077,-1.2707,2.4912
3.985,-3.0743,-1.2719,2.4881
3.99,-3.0716,-1.2732,2.4849
3.995,-3.0689,-1.2743,2.4818
4,-3.0667,-1.2753,2.4792
4.005,-3.0652,-1.2763,2.4773
4.01,-3.0639,-1.2772,2.4756
4.015,-3.0633,-1.2781,2.4747
4.02,-3.0629,-1.279,2.4739
4.025,-3.0625,-1.28,2.4732
4.03,-3.0614,-1.2809,2.4719
4.035,-3.0601,-1.2819,2.4705
4.04,-3.058,-1.283,2.4683
4.045,-3.055,-1.2839,2.4653
4.05,-3.0516,-1.2848,2.462
4.055,-3.0482,-1.2856,2.4586
4.06,-3.0452,-1.2864,2.4556
4.065,-3.0425,-1.2871,2.453
4.07,-3.0406,-1.2881,2.4509
4.075,-3.0385,-1.289,2.4486
4.08,-3.0366,-1.29,2.4465
4.085,-3.035,-1.2911,2.4446
4.09,-3.0335,-1.2922,2.4427
4.095,-3.0323,-1.2933,2.441
4.1,-3.0315,-1.2945,2.4397
4.105,-3.0314,-1.2955,2.4389
4.11,-3.0322,-1.2965,2.439
4.115,-3.0337,-1.2973,2.4397
4.12,-3.035,-1.2982,2.4402
4.125,-3.0357,-1.299,2.4402
4.13,-3.0365,-1.2997,2.4401
4.135,-3.0367,-1.3002,2.4397
4.14,-3.0362,-1.3006,2.4386
4.145,-3.0352,-1.3009,2.4371
4.15,-3.0335,-1.3011,2.435
4.155,-3.031,-1.3011,2.4321
4.16,-3.029,-1.3011,2.4298
4.165,-3.0275,-1.3009,2.4281
4.17,-3.0265,-1.3005,2.4268
4.175,-3.026,-1.3001,2.4259
4.18,-3.0261,-1.2996,2.4256
4.185,-3.0265,-1.2992,2.4255
4.19,-3.0272,-1.2989,2.4256
4.195,-3.0286,-1.2986,2.4264
4.2,-3.0301,-1.2984,2.4272
4.205,-3.0318,-1.2982,2.4282
4.21,-3.0334,-1.298,2.4292
4.215,-3.0344,-1.2979,2.4296
4.22,-3.0346,-1.2978,2.4293
4.225,-3.0344,-1.2978,2.4287
4.23,-3.0332,-1.2978,2.4272
4.235,-3.0316,-1.2978,2.4254
4.24,-3.0299,-1.2976,2.4237
4.245,-3.0287,-1.2974,2.4224
4.25,-3.0274,-1.297,2.4212
4.255,-3.0273,-1.2966,2.421
4.26,-3.0279,-1.296,2.4216
4.265,-3.0293,-1.2952,2.4228
4.27,-3.0315,-1.2945,2.4246
4.275,-3.0338,-1.2937,2.4265
4.28,-3.0357,-1.293,2.4278
4.285,-3.0375,-1.2923,2.4289
4.29,-3.0393,-1.2918,2.43
4.295,-3.0408,-1.2914,2.4307
4.3,-3.0423,-1.2911,2.4314
4.305,-3.0439,-1.2909,2.4322
4.31,-3.0455,-1.2908,2.433
4.315,-3.0472,-1.2906,2.4339
4.32,-3.0489,-1.2904,2.435
4.325,-3.0506,-1.2901,2.4359
4.33,-3.0525,-1.2897,2.4372
4.335,-3.0547,-1.2891,2.4387
4.34,-3.0571,-1.2884,2.4405
4.345,-3.0596,-1.2877,2.4422
4.35,-3.0617,-1.287,2.4437
4.355,-3.0637,-1.2863,2.4449
4.36,-3.0654,-1.2857,2.4458
4.365,-3.0675,-1.2851,2.4472
4.37,-3.0705,-1.2846,2.4495
4.375,-3.0743,-1.2842,2.4524
4.38,-3.0785,-1.2837,2.4558
4.385,-3.0831,-1.2833,2.4594
4.39,-3.087,-1.2829,2.4625
4.395,-3.0907,-1.2825,2.4654
4.4,-3.0936,-1.282,2.4678
4.405,-3.0966,-1.2815,2.4702
4.41,-3.0992,-1.2809,2.4724
4.415,-3.102,-1.2802,2.4747
4.42,-3.1045,-1.2795,2.4769
4.425,-3.1071,-1.2787,2.4791
4.43,-3.1096,-1.278,2.4811
4.435,-3.1118,-1.2774,2.4829
4.44,-3.1142,-1.2766,2.4847
4.445,-3.1167,-1.2759,2.4867
4.45,-3.1198,-1.2753,2.4892
4.455,-3.1235,-1.2747,2.4922
4.46,-3.128,-1.2741,2.4959
4.465,-3.1324,-1.2735,2.4997
4.47,-3.1364,-1.2728,2.5031
4.475,-3.1399,-1.2721,2.506
4.48,3.1402,-1.2712,2.5087
4.485,3.1376,-1.2703,2.5111
4.49,3.1352,-1.2694,2.5132
4.495,3.133,-1.2684,2.5154
4.5,3.1312,-1.2675,2.5172
4.505,3.1294,-1.2667,2.5189
4.51,3.1278,-1.2659,2.5205
4.515,3.1264,-1.2652,2.5218
4.52,3.1254,-1.2646,2.5227
4.525,3.1245,-1.2641,2.5235
4.53,3.1234,-1.2636,2.5244
4.535,3.1223,-1.2631,2.5252
4.54,3.1213,-1.2626,2.526
4.545,3.1204,-1.2621,2.5266
4.55,3.1197,-1.2614,2.5271
4.555,3.1191,-1.2606,2.5276
4.56,3.1186,-1.2596,2.5281
4.565,3.1184,-1.2584,2.5284
4.57,3.1184,-1.257,2.5288
4.575,3.1182,-1.2553,2.5294
4.58,3.1181,-1.2534,2.5301
4.585,3.1179,-1.2515,2.531
4.59,3.1175,-1.2494,2.532
4.595,3.1175,-1.2474,2.5327
4.6,3.1178,-1.2455,2.5331
4.605,3.1185,-1.2438,2.533
4.61,3.1197,-1.2422,2.5325
4.615,3.121,-1.2407,2.5319
4.62,3.1219,-1.2394,2.5316
4.625,3.1224,-1.2382,2.5318
4.63,3.1223,-1.2371,2.5323
4.635,3.122,-1.236,2.5331
4.64,3.1213,-1.2349,2.5341
4.645,3.1205,-1.2339,2.5353
4.65,3.1197,-1.2329,2.5364
4.655,3.1189,-1.2317,2.5376
4.66,3.1185,-1.2304,2.5384
4.665,3.1188,-1.2289,2.5387
4.67,3.12,-1.2272,2.5382
4.675,3.1218,-1.2254,2.5372
4.68,3.1239,-1.2233,2.5361
4.685,3.1259,-1.2211,2.5351
4.69,3.1278,-1.2189,2.5343
4.695,3.1296,-1.2167,2.5338
4.7,3.1308,-1.2146,2.5338
4.705,3.1314,-1.2126,2.5345
4.71,3.1315,-1.2108,2.5357
4.715,3.1314,-1.2091,2.537
4.72,3.1312,-1.2075,2.5384
4.725,3.1316,-1.2061,2.5393
4.73,3.1326,-1.2046,2.5395
4.735,3.1339,-1.2033,2.5395
4.74,3.1357,-1.2021,2.5389
4.745,3.138,-1.2009,2.5379
4.75,3.1405,-1.1998,2.5366
4.755,-3.1402,-1.1987,2.5353
4.76,-3.1376,-1.1977,2.5339
4.765,-3.1353,-1.1966,2.5327
4.77,-3.1332,-1.1956,2.5317
4.775,-3.1312,-1.1945,2.5307
4.78,-3.1292,-1.1934,2.5298
4.785,-3.1272,-1.1922,2.5288
4.79,-3.1251,-1.1909,2.5277
4.795,-3.1229,-1.1895,2.5266
4.8,-3.1205,-1.1879,2.5253
4.805,-3.1178,-1.1863,2.5237
4.81,-3.1149,-1.1846,2.522
4.815,-3.1116,-1.1828,2.5199
4.82,-3.1083,-1.1811,2.5179
4.825,-3.1051,-1.1793,2.5159
4.83,-3.102,-1.1778,2.5141
4.835,-3.0992,-1.1763,2.5125
4.84,-3.0968,-1.1751,2.5112
4.845,-3.0949,-1.174,2.5103
4.85,-3.0933,-1.173,2.5097
4.855,-3.0919,-1.172,2.5091
4.86,-3.0904,-1.1711,2.5085
4.865,-3.0891,-1.1702,2.5079
4.87,-3.0879,-1.1693,2.5074
4.875,-3.0866,-1.1684,2.5067
4.88,-3.0851,-1.1673,2.5057
4.885,-3.0835,-1.1662,2.5046
4.89,-3.0815,-1.1651,2.5031
4.895,-3.0793,-1.1638,2.5014
4.9,-3.0768,-1.1625,2.4996
4.905,-3.0742,-1.1611,2.4976
4.91,-3.0714,-1.1596,2.4954
4.915,-3.0684,-1.1582,2.4931
4.92,-3.0653,-1.1567,2.4908
4.925,-3.0623,-1.1551,2.4885
4.93,-3.0594,-1.1535,2.4864
4.935,-3.0568,-1.1519,2.4844
4.94,-3.0542,-1.1503,2.4826
4.945,-3.052,-1.1486,2.481
4.95,-3.0497,-1.1469,2.4792
4.955,-3.0473,-1.1453,2.4773
4.96,-3.0452,-1.1437,2.4758
4.965,-3.0431,-1.1421,2.4742
4.97,-3.0411,-1.1406,2.4727
4.975,-3.0395,-1.139,2.4715
4.98,-3.0379,-1.1375,2.4704
4.985,-3.0363,-1.1361,2.4692
4.99,-3.0348,-1.1346,2.4681
4.995,-3.0331,-1.1332,2.4669
