0,-3.0777,-1.1424,2.7346
0.0049999,-3.08,-1.144,2.736
0.0099998,-3.0825,-1.1456,2.7375
0.015,-3.0852,-1.1472,2.7391
0.02,-3.0879,-1.1488,2.7408
0.025,-3.0907,-1.1505,2.7424
0.03,-3.0934,-1.152,2.7441
0.035,-3.0962,-1.1536,2.7458
0.04,-3.099,-1.1552,2.7475
0.045,-3.1017,-1.1568,2.7493
0.05,-3.1044,-1.1583,2.7509
0.055,-3.1069,-1.1599,2.7525
0.06,-3.1091,-1.1614,2.7539
0.065,-3.1111,-1.1629,2.7551
0.07,-3.1128,-1.1645,2.7561
0.075,-3.1143,-1.166,2.7569
0.08,-3.1155,-1.1676,2.7576
0.085,-3.1167,-1.1691,2.7582
0.09,-3.1178,-1.1707,2.7589
0.095,-3.1189,-1.1723,2.7596
0.1,-3.1199,-1.1739,2.7603
0.105,-3.1211,-1.1754,2.7611
0.11,-3.1223,-1.177,2.7621
0.115,-3.1237,-1.1785,2.7632
0.12,-3.1253,-1.1799,2.7645
0.125,-3.1269,-1.1814,2.7659
0.13,-3.1285,-1.1828,2.7673
0.135,-3.1298,-1.1842,2.7685
0.14,-3.1308,-1.1857,2.7694
0.145,-3.1315,-1.1871,2.7702
0.15,-3.1321,-1.1885,2.7708
0.155,-3.1324,-1.19,2.7712
0.16,-3.1324,-1.1913,2.7714
0.165,-3.1321,-1.1927,2.7712
0.17,-3.1314,-1.194,2.7707
0.175,-3.1304,-1.1953,2.7698
0.18,-3.1291,-1.1966,2.7687
0.185,-3.1278,-1.198,2.7675
0.19,-3.1266,-1.1994,2.7664
0.195,-3.1256,-1.2008,2.7656
0.2,-3.1251,-1.2022,2.7653
0.205,-3.1249,-1.2036,2.7653
0.21,-3.125,-1.2049,2.7655
0.215,-3.1252,-1.2062,2.7658
0.22,-3.1256,-1.2074,2.7663
0.225,-3.1261,-1.2087,2.7668
0.23,-3.1266,-1.21,2.7674
0.235,-3.1271,-1.2113,2.7679
0.24,-3.1274,-1.2126,2.7682
0.245,-3.1274,-1.2139,2.7681
0.25,-3.1269,-1.2151,2.7675
0.255,-3.1259,-1.2164,2.7663
0.26,-3.1245,-1.2178,2.7646
0.265,-3.1227,-1.2192,2.7625
0.27,-3.1208,-1.2207,2.7602
0.275,-3.1187,-1.2222,2.7577
0.28,-3.1166,-1.2237,2.7551
0.285,-3.1144,-1.2253,2.7526
0.29,-3.1123,-1.2269,2.7502
0.295,-3.1103,-1.2285,2.7478
0.3,-3.1084,-1.23,2.7458
0.305,-3.1068,-1.2316,2.744
0.31,-3.1055,-1.2332,2.7426
0.315,-3.1045,-1.2347,2.7416
0.32,-3.1037,-1.2363,2.7408
0.325,-3.103,-1.2378,2.7401
0.33,-3.1022,-1.2394,2.7394
0.335,-3.1014,-1.2409,2.7386
0.34,-3.1006,-1.2425,2.7377
0.345,-3.0996,-1.2441,2.7366
0.35,-3.0985,-1.2457,2.7353
0.355,-3.0971,-1.2473,2.7336
0.36,-3.0954,-1.2489,2.7316
0.365,-3.0935,-1.2506,2.7293
0.37,-3.0912,-1.2523,2.7267
0.375,-3.0887,-1.2541,2.7238
0.38,-3.0861,-1.2559,2.7208
0.385,-3.0835,-1.2578,2.718
0.39,-3.0811,-1.2596,2.7154
0.395,-3.0789,-1.2614,2.713
0.4,-3.077,-1.2631,2.7109
0.405,-3.0753,-1.2648,2.7092
0.41,-3.0739,-1.2664,2.7079
0.415,-3.0728,-1.2681,2.707
0.42,-3.072,-1.2697,2.7065
0.425,-3.0716,-1.2713,2.7063
0.43,-3.0714,-1.273,2.7063
0.435,-3.0714,-1.2745,2.7066
0.44,-3.0718,-1.2761,2.7072
0.445,-3.0722,-1.2776,2.7077
0.45,-3.0727,-1.2791,2.7082
0.455,-3.073,-1.2806,2.7085
0.46,-3.0732,-1.2821,2.7086
0.465,-3.0732,-1.2835,2.7085
0.47,-3.073,-1.2849,2.7082
0.475,-3.0725,-1.2863,2.7076
0.48,-3.0718,-1.2876,2.7069
0.485,-3.0711,-1.2888,2.7061
0.49,-3.0704,-1.29,2.7053
0.495,-3.0699,-1.291,2.7047
0.5,-3.0696,-1.292,2.7043
0.505,-3.0696,-1.293,2.7041
0.51,-3.0699,-1.2939,2.7043
0.515,-3.0706,-1.2946,2.7049
0.52,-3.0717,-1.2953,2.7058
0.525,-3.0732,-1.2959,2.707
0.53,-3.075,-1.2965,2.7085
0.535,-3.0772,-1.2969,2.7103
0.54,-3.0796,-1.2973,2.7123
0.545,-3.0821,-1.2976,2.7144
0.55,-3.0845,-1.2979,2.7165
0.555,-3.0869,-1.298,2.7184
0.56,-3.0891,-1.2982,2.7203
0.565,-3.0913,-1.2982,2.7221
0.57,-3.0932,-1.2981,2.7237
0.575,-3.0951,-1.2979,2.7253
0.58,-3.097,-1.2977,2.7269
0.585,-3.0988,-1.2974,2.7285
0.59,-3.1007,-1.297,2.7303
0.595,-3.1028,-1.2966,2.7323
0.6,-3.1053,-1.2961,2.7346
0.605,-3.108,-1.2956,2.7372
0.61,-3.1108,-1.295,2.7399
0.615,-3.1138,-1.2943,2.7428
0.62,-3.1169,-1.2935,2.7457
0.625,-3.12,-1.2927,2.7487
0.63,-3.1231,-1.2918,2.7516
0.635,-3.1261,-1.2909,2.7544
0.64,-3.129,-1.29,2.7571
0.645,-3.1316,-1.2889,2.7595
0.65,-3.1338,-1.2879,2.7616
0.655,-3.1356,-1.2867,2.7632
0.66,-3.1369,-1.2856,2.7644
0.665,-3.1378,-1.2844,2.7652
0.67,-3.1384,-1.2831,2.7656
0.675,-3.1387,-1.2819,2.7657
0.68,-3.1389,-1.2807,2.7657
0.685,-3.1388,-1.2795,2.7654
0.69,-3.1385,-1.2783,2.7649
0.695,-3.1379,-1.2771,2.7642
0.7,-3.137,-1.2759,2.7631
0.705,-3.1358,-1.2747,2.7618
0.71,-3.1346,-1.2734,2.7604
0.715,-3.1334,-1.272,2.759
0.72,-3.1322,-1.2707,2.7577
0.725,-3.1311,-1.2693,2.7565
0.73,-3.13,-1.2679,2.7553
0.735,-3.1289,-1.2665,2.7541
0.74,-3.1279,-1.2652,2.7531
0.745,-3.1269,-1.2639,2.7522
0.75,-3.126,-1.2626,2.7516
0.755,-3.1253,-1.2613,2.7512
0.76,-3.1247,-1.2601,2.751
0.765,-3.1242,-1.2588,2.7509
0.77,-3.1235,-1.2576,2.7506
0.775,-3.1225,-1.2565,2.75
0.78,-3.1212,-1.2554,2.7491
0.785,-3.1196,-1.2543,2.7479
0.79,-3.1179,-1.2533,2.7464
0.795,-3.116,-1.2524,2.7447
0.8,-3.1141,-1.2514,2.7427
0.805,-3.1122,-1.2505,2.7407
0.81,-3.1107,-1.2495,2.739
0.815,-3.1097,-1.2485,2.7376
0.82,-3.1091,-1.2476,2.7368
0.825,-3.1091,-1.2467,2.7365
0.83,-3.1095,-1.2459,2.7369
0.835,-3.1104,-1.2452,2.7378
0.84,-3.1119,-1.2445,2.7393
0.845,-3.1136,-1.2438,2.7412
0.85,-3.1155,-1.2431,2.7432
0.855,-3.1172,-1.2424,2.7453
0.86,-3.1184,-1.2418,2.747
0.865,-3.119,-1.2412,2.7481
0.87,-3.1187,-1.2406,2.7483
0.875,-3.1177,-1.2401,2.7477
0.88,-3.1159,-1.2396,2.7463
0.885,-3.1137,-1.2392,2.7444
0.89,-3.1114,-1.2389,2.7423
0.895,-3.1091,-1.2386,2.7403
0.9,-3.1073,-1.2382,2.7386
0.905,-3.1061,-1.2379,2.7374
0.91,-3.1054,-1.2376,2.7369
0.915,-3.1054,-1.2374,2.7369
0.92,-3.1057,-1.2371,2.7374
0.925,-3.1061,-1.2368,2.7381
0.93,-3.1065,-1.2366,2.7388
0.935,-3.1068,-1.2364,2.7397
0.94,-3.107,-1.2362,2.7404
0.945,-3.1068,-1.236,2.7409
0.95,-3.1062,-1.2357,2.7411
0.955,-3.1052,-1.2353,2.7408
0.96,-3.1037,-1.2349,2.7401
0.965,-3.1019,-1.2344,2.739
0.97,-3.0999,-1.234,2.7377
0.975,-3.0979,-1.2336,2.7364
0.98,-3.0963,-1.2332,2.7354
0.985,-3.0952,-1.2328,2.7347
0.99,-3.0944,-1.2324,2.7343
0.995,-3.094,-1.232,2.7341
1,-3.0939,-1.2316,2.7341
1.005,-3.094,-1.2311,2.7342
1.01,-3.0942,-1.2306,2.7342
1.015,-3.0943,-1.23,2.7342
1.02,-3.0943,-1.2294,2.7342
1.025,-3.0939,-1.2286,2.7339
1.03,-3.0931,-1.2278,2.7332
1.035,-3.0918,-1.227,2.7322
1.04,-3.0903,-1.2261,2.731
1.045,-3.0885,-1.2252,2.7295
1.05,-3.0865,-1.2241,2.728
1.055,-3.0847,-1.2231,2.7265
1.06,-3.0829,-1.222,2.7251
1.065,-3.0812,-1.2208,2.7237
1.07,-3.0798,-1.2197,2.7224
1.075,-3.0787,-1.2184,2.7213
1.08,-3.078,-1.2172,2.7205
1.085,-3.0778,-1.216,2.7199
1.09,-3.078,-1.2148,2.7196
1.095,-3.0785,-1.2135,2.7194
1.1,-3.079,-1.2121,2.7194
1.105,-3.0796,-1.2107,2.7193
1.11,-3.0799,-1.2092,2.719
1.115,-3.08,-1.2077,2.7185
1.12,-3.0796,-1.2061,2.7177
1.125,-3.0789,-1.2046,2.7166
1.13,-3.078,-1.2031,2.7153
1.135,-3.0769,-1.2015,2.714
1.14,-3.076,-1.2,2.7127
1.145,-3.0753,-1.1984,2.7117
1.15,-3.075,-1.1967,2.711
1.155,-3.0752,-1.1951,2.7107
1.16,-3.0758,-1.1934,2.7108
1.165,-3.0768,-1.1917,2.7112
1.17,-3.0781,-1.19,2.7119
1.175,-3.0797,-1.1883,2.7129
1.18,-3.0813,-1.1866,2.714
1.185,-3.0829,-1.1849,2.715
1.19,-3.0842,-1.1832,2.7159
1.195,-3.0851,-1.1814,2.7165
1.2,-3.0858,-1.1797,2.7168
1.205,-3.0861,-1.1779,2.7169
1.21,-3.0862,-1.1762,2.7168
1.215,-3.0861,-1.1745,2.7167
1.22,-3.086,-1.1728,2.7166
1.225,-3.0859,-1.1711,2.7166
1.23,-3.0861,-1.1694,2.7168
1.235,-3.0863,-1.1677,2.7171
1.24,-3.0868,-1.166,2.7177
1.245,-3.0873,-1.1642,2.7183
1.25,-3.0881,-1.1625,2.7191
1.255,-3.0889,-1.1608,2.7201
1.26,-3.0898,-1.1591,2.7211
1.265,-3.0906,-1.1574,2.7222
1.27,-3.0914,-1.1558,2.7232
1.275,-3.0921,-1.1542,2.7241
1.28,-3.0925,-1.1526,2.7248
1.285,-3.0926,-1.151,2.7252
1.29,-3.0923,-1.1495,2.7253
1.295,-3.0917,-1.148,2.725
1.3,-3.0908,-1.1466,2.7245
1.305,-3.0898,-1.1452,2.7238
1.31,-3.0888,-1.1439,2.7232
1.315,-3.0879,-1.1426,2.7227
1.32,-3.0872,-1.1413,2.7225
1.325,-3.0869,-1.1401,2.7225
1.33,-3.0867,-1.1388,2.7227
1.335,-3.0868,-1.1375,2.7232
1.34,-3.087,-1.1363,2.7238
1.345,-3.0873,-1.135,2.7245
1.35,-3.0876,-1.1339,2.7252
1.355,-3.0878,-1.1328,2.7257
1.36,-3.0878,-1.1318,2.7262
1.365,-3.0878,-1.1308,2.7265
1.37,-3.0877,-1.1298,2.7268
1.375,-3.0876,-1.1289,2.727
1.38,-3.0875,-1.128,2.7272
1.385,-3.0874,-1.1272,2.7273
1.39,-3.0873,-1.1264,2.7274
1.395,-3.0873,-1.1257,2.7276
1.4,-3.0873,-1.125,2.7278
1.405,-3.0874,-1.1243,2.7281
1.41,-3.0876,-1.1237,2.7284
1.415,-3.0877,-1.1232,2.7287
1.42,-3.0877,-1.1227,2.7289
1.425,-3.0876,-1.1222,2.7291
1.43,-3.0874,-1.1218,2.7292
1.435,-3.0872,-1.1215,2.7293
1.44,-3.087,-1.1212,2.7294
1.445,-3.0868,-1.1209,2.7295
1.45,-3.0866,-1.1207,2.7297
1.455,-3.0863,-1.1206,2.7297
1.46,-3.086,-1.1205,2.7297
1.465,-3.0856,-1.1204,2.7295
1.47,-3.085,-1.1205,2.7292
1.475,-3.0844,-1.1207,2.7288
1.48,-3.0837,-1.1209,2.7283
1.485,-3.083,-1.1212,2.7277
1.49,-3.0823,-1.1216,2.7272
1.495,-3.0817,-1.1221,2.7268
1.5,-3.0812,-1.1226,2.7265
1.505,-3.0807,-1.1232,2.7261
1.51,-3.0802,-1.1239,2.7258
1.515,-3.0796,-1.1247,2.7254
1.52,-3.0791,-1.1255,2.725
1.525,-3.0785,-1.1265,2.7247
1.53,-3.078,-1.1276,2.7243
1.535,-3.0775,-1.1287,2.724
1.54,-3.077,-1.1299,2.7237
1.545,-3.0766,-1.1312,2.7234
1.55,-3.0763,-1.1325,2.7231
1.555,-3.0761,-1.1339,2.723
1.56,-3.0761,-1.1354,2.7229
1.565,-3.0762,-1.1368,2.7229
1.57,-3.0763,-1.1384,2.723
1.575,-3.0764,-1.1399,2.723
1.58,-3.0763,-1.1415,2.7228
1.585,-3.0759,-1.143,2.7224
1.59,-3.0754,-1.1446,2.7218
1.595,-3.0746,-1.1461,2.721
1.6,-3.0738,-1.1477,2.7202
1.605,-3.073,-1.1492,2.7194
1.61,-3.0724,-1.1508,2.7188
1.615,-3.072,-1.1523,2.7183
1.62,-3.0719,-1.1538,2.7181
1.625,-3.072,-1.1554,2.7182
1.63,-3.0724,-1.1568,2.7185
1.635,-3.0732,-1.1583,2.719
1.64,-3.0741,-1.1597,2.7197
1.645,-3.0752,-1.161,2.7207
1.65,-3.0765,-1.1623,2.7217
1.655,-3.0778,-1.1636,2.7227
1.66,-3.0791,-1.1648,2.7238
1.665,-3.0804,-1.166,2.7248
1.67,-3.0815,-1.1672,2.7256
1.675,-3.0824,-1.1684,2.7261
1.68,-3.083,-1.1695,2.7263
1.685,-3.0833,-1.1706,2.7263
1.69,-3.0834,-1.1717,2.726
1.695,-3.0834,-1.1727,2.7257
1.7,-3.0834,-1.1737,2.7254
1.705,-3.0836,-1.1747,2.7252
1.71,-3.084,-1.1757,2.7252
1.715,-3.0844,-1.1766,2.7253
1.72,-3.0851,-1.1774,2.7255
1.725,-3.0859,-1.1782,2.7259
1.73,-3.087,-1.179,2.7265
1.735,-3.0885,-1.1797,2.7276
1.74,-3.0903,-1.1804,2.7289
1.745,-3.0924,-1.181,2.7304
1.75,-3.0945,-1.1817,2.732
1.755,-3.0965,-1.1823,2.7334
1.76,-3.0982,-1.1828,2.7346
1.765,-3.0996,-1.1834,2.7354
1.77,-3.1005,-1.1839,2.7357
1.775,-3.1011,-1.1844,2.7358
1.78,-3.1014,-1.1849,2.7356
1.785,-3.1017,-1.1854,2.7353
1.79,-3.1021,-1.1859,2.7351
1.795,-3.1027,-1.1863,2.735
1.8,-3.1034,-1.1868,2.7351
1.805,-3.1042,-1.1873,2.7353
1.81,-3.1049,-1.1878,2.7355
1.815,-3.1055,-1.1883,2.7356
1.82,-3.1059,-1.1888,2.7356
1.825,-3.106,-1.1893,2.7354
1.83,-3.1061,-1.1897,2.7352
1.835,-3.106,-1.1902,2.7349
1.84,-3.1059,-1.1907,2.7346
1.845,-3.1058,-1.1911,2.7343
1.85,-3.1057,-1.1916,2.7339
1.855,-3.1055,-1.192,2.7335
1.86,-3.1053,-1.1925,2.7329
1.865,-3.1049,-1.193,2.7323
1.87,-3.1044,-1.1935,2.7314
1.875,-3.1037,-1.1941,2.7303
1.88,-3.1031,-1.1947,2.7293
1.885,-3.1025,-1.1953,2.7282
1.89,-3.1018,-1.196,2.727
1.895,-3.101,-1.1967,2.7257
1.9,-3.1004,-1.1974,2.7245
1.905,-3.0998,-1.1981,2.7234
1.91,-3.0992,-1.1988,2.7223
1.915,-3.0985,-1.1996,2.7211
1.92,-3.0977,-1.2003,2.7197
1.925,-3.0968,-1.201,2.7182
1.93,-3.0958,-1.2018,2.7166
1.935,-3.0948,-1.2027,2.7149
1.94,-3.0938,-1.2036,2.7132
1.945,-3.0927,-1.2046,2.7115
1.95,-3.0918,-1.2056,2.7099
1.955,-3.0909,-1.2067,2.7082
1.96,-3.0902,-1.2077,2.7066
1.965,-3.0896,-1.2088,2.7051
1.97,-3.0891,-1.2098,2.7036
1.975,-3.0887,-1.2109,2.7021
1.98,-3.0883,-1.2121,2.7007
1.985,-3.088,-1.2133,2.6993
1.99,-3.0876,-1.2146,2.6978
1.995,-3.0874,-1.216,2.6965
2,-3.0867,-1.2173,2.6948
2.005,-3.0857,-1.2187,2.6928
2.01,-3.0847,-1.2201,2.6908
2.015,-3.0836,-1.2216,2.6889
2.02,-3.0826,-1.223,2.687
2.025,-3.0816,-1.2245,2.6852
2.03,-3.0807,-1.226,2.6834
2.035,-3.0796,-1.2276,2.6815
2.04,-3.0784,-1.2292,2.6796
2.045,-3.0771,-1.2308,2.6775
2.05,-3.0755,-1.2324,2.6752
2.055,-3.0738,-1.234,2.6728
2.06,-3.0722,-1.2357,2.6706
2.065,-3.071,-1.2374,2.6687
2.07,-3.0703,-1.2391,2.6673
2.075,-3.0699,-1.2408,2.6664
2.08,-3.0698,-1.2425,2.6657
2.085,-3.0698,-1.2442,2.6653
2.09,-3.0699,-1.2459,2.6649
2.095,-3.0697,-1.2476,2.6644
2.1,-3.0693,-1.2493,2.6637
2.105,-3.0688,-1.251,2.6629
2.11,-3.0682,-1.2528,2.6621
2.115,-3.0677,-1.2545,2.6613
2.12,-3.0671,-1.2562,2.6603
2.125,-3.0664,-1.2579,2.6593
2.13,-3.0656,-1.2597,2.6581
2.135,-3.0647,-1.2614,2.6568
2.14,-3.0638,-1.2631,2.6555
2.145,-3.0631,-1.2649,2.6543
2.15,-3.0627,-1.2666,2.6534
2.155,-3.0625,-1.2682,2.6528
2.16,-3.0625,-1.2698,2.6525
2.165,-3.0628,-1.2713,2.6525
2.17,-3.0632,-1.2728,2.6526
2.175,-3.0638,-1.2742,2.6531
2.18,-3.0646,-1.2756,2.6537
2.185,-3.0654,-1.2768,2.6545
2.19,-3.0663,-1.278,2.6554
2.195,-3.0671,-1.279,2.6563
2.2,-3.0677,-1.28,2.657
2.205,-3.068,-1.281,2.6575
2.21,-3.0681,-1.2819,2.6577
2.215,-3.068,-1.2828,2.6577
2.22,-3.0677,-1.2837,2.6576
2.225,-3.0673,-1.2845,2.6574
2.23,-3.0671,-1.2852,2.6571
2.235,-3.0669,-1.2858,2.657
2.24,-3.0669,-1.2864,2.6569
2.245,-3.0672,-1.2868,2.6571
2.25,-3.0679,-1.2872,2.6576
2.255,-3.0692,-1.2876,2.6585
2.26,-3.0708,-1.288,2.6598
2.265,-3.0728,-1.2882,2.6615
2.27,-3.075,-1.2885,2.6634
2.275,-3.0774,-1.2887,2.6654
2.28,-3.0797,-1.2889,2.6674
2.285,-3.0819,-1.289,2.6693
2.29,-3.0839,-1.2891,2.671
2.295,-3.0857,-1.2892,2.6725
2.3,-3.0875,-1.2892,2.674
2.305,-3.0892,-1.2892,2.6754
2.31,-3.0909,-1.2892,2.6767
2.315,-3.0925,-1.2891,2.678
2.32,-3.0943,-1.289,2.6793
2.325,-3.0961,-1.2889,2.6807
2.33,-3.098,-1.2887,2.6821
2.335,-3.0999,-1.2885,2.6838
2.34,-3.1019,-1.2883,2.6855
2.345,-3.1037,-1.288,2.6872
2.35,-3.1053,-1.2878,2.6888
2.355,-3.1067,-1.2876,2.6902
2.36,-3.1078,-1.2873,2.6916
2.365,-3.1087,-1.2871,2.6929
2.37,-3.1095,-1.2868,2.694
2.375,-3.11,-1.2864,2.6951
2.38,-3.1104,-1.2861,2.6959
2.385,-3.1107,-1.2857,2.6966
2.39,-3.1108,-1.2854,2.6971
2.395,-3.111,-1.285,2.6975
2.4,-3.1112,-1.2846,2.6979
2.405,-3.1115,-1.2843,2.6983
2.41,-3.112,-1.2838,2.6987
2.415,-3.1128,-1.2834,2.6993
2.42,-3.1137,-1.283,2.7001
2.425,-3.1146,-1.2827,2.7009
2.43,-3.1156,-1.2823,2.7018
2.435,-3.1165,-1.282,2.7026
2.44,-3.1171,-1.2816,2.7033
2.445,-3.1174,-1.2812,2.7037
2.45,-3.117,-1.2808,2.7036
2.455,-3.1161,-1.2803,2.7031
2.46,-3.1148,-1.2799,2.7022
2.465,-3.1133,-1.2793,2.7012
2.47,-3.112,-1.2788,2.7002
2.475,-3.1108,-1.2784,2.6995
2.48,-3.11,-1.2779,2.699
2.485,-3.1096,-1.2774,2.6989
2.49,-3.1096,-1.277,2.6992
2.495,-3.1101,-1.2765,2.6999
2.5,-3.111,-1.2761,2.701
2.505,-3.1123,-1.2757,2.7023
2.51,-3.1136,-1.2752,2.7036
2.515,-3.1145,-1.2747,2.7046
2.52,-3.115,-1.2741,2.7052
2.525,-3.1149,-1.2736,2.7052
2.53,-3.1141,-1.273,2.7046
2.535,-3.1128,-1.2726,2.7036
2.54,-3.1111,-1.2722,2.7023
2.545,-3.1092,-1.2718,2.7009
2.55,-3.1073,-1.2714,2.6996
2.555,-3.1058,-1.2709,2.6986
2.56,-3.1049,-1.2704,2.6983
2.565,-3.1048,-1.2699,2.6988
2.57,-3.1055,-1.2693,2.6999
2.575,-3.1067,-1.2687,2.7015
2.58,-3.1084,-1.2682,2.7036
2.585,-3.1103,-1.2676,2.7059
2.59,-3.1122,-1.267,2.7081
2.595,-3.1138,-1.2663,2.7102
2.6,-3.1151,-1.2656,2.712
2.605,-3.1158,-1.2648,2.7134
2.61,-3.1158,-1.2641,2.714
2.615,-3.1152,-1.2634,2.7141
2.62,-3.114,-1.2628,2.7137
2.625,-3.1126,-1.2622,2.713
2.63,-3.1111,-1.2617,2.7122
2.635,-3.1098,-1.2611,2.7115
2.64,-3.1087,-1.2606,2.7111
2.645,-3.1082,-1.26,2.711
2.65,-3.1083,-1.2594,2.7113
2.655,-3.1091,-1.2587,2.7122
2.66,-3.1106,-1.258,2.7137
2.665,-3.1127,-1.2572,2.7158
2.67,-3.1153,-1.2564,2.7182
2.675,-3.118,-1.2556,2.7208
2.68,-3.1206,-1.2549,2.7233
2.685,-3.1229,-1.2541,2.7257
2.69,-3.1249,-1.2532,2.7277
2.695,-3.1262,-1.2524,2.7293
2.7,-3.127,-1.2514,2.7303
2.705,-3.1274,-1.2505,2.731
2.71,-3.1275,-1.2496,2.7314
2.715,-3.1273,-1.2487,2.7314
2.72,-3.1269,-1.2478,2.7311
2.725,-3.1265,-1.2469,2.7307
2.73,-3.1262,-1.246,2.7303
2.735,-3.1263,-1.245,2.7302
2.74,-3.1271,-1.244,2.7306
2.745,-3.1286,-1.2429,2.7315
2.75,-3.1307,-1.2418,2.733
2.755,-3.1333,-1.2406,2.7349
2.76,-3.1362,-1.2394,2.7371
2.765,-3.139,-1.2381,2.7394
2.77,-3.1413,-1.2367,2.7412
2.775,3.1402,-1.2353,2.7426
2.78,3.1394,-1.2338,2.7434
2.785,3.1395,-1.2322,2.7437
2.79,3.1403,-1.2307,2.7434
2.795,-3.1413,-1.229,2.7426
2.8,-3.1391,-1.2274,2.7412
2.805,-3.1363,-1.2256,2.7394
2.81,-3.1333,-1.2239,2.7372
2.815,-3.1301,-1.222,2.7348
2.82,-3.1271,-1.2201,2.7325
2.825,-3.1245,-1.2181,2.7304
2.83,-3.1222,-1.216,2.7286
2.835,-3.1202,-1.214,2.7269
2.84,-3.1183,-1.2119,2.7251
2.845,-3.1169,-1.2099,2.7237
2.85,-3.1149,-1.2077,2.7218
2.855,-3.1128,-1.2055,2.7198
2.86,-3.1107,-1.2033,2.7179
2.865,-3.1084,-1.201,2.7159
2.87,-3.1061,-1.1987,2.7138
2.875,-3.1037,-1.1963,2.7118
2.88,-3.1015,-1.194,2.71
2.885,-3.0995,-1.1916,2.7083
2.89,-3.0976,-1.1892,2.7068
2.895,-3.0957,-1.1868,2.7053
2.9,-3.0939,-1.1844,2.7038
2.905,-3.0921,-1.182,2.7023
2.91,-3.0902,-1.1797,2.7007
2.915,-3.0882,-1.1775,2.699
2.92,-3.0862,-1.1753,2.6971
2.925,-3.0842,-1.1731,2.6952
2.93,-3.0822,-1.171,2.6932
2.935,-3.0805,-1.1689,2.6915
2.94,-3.079,-1.1667,2.69
2.945,-3.078,-1.1646,2.6889
2.95,-3.0772,-1.1625,2.6881
2.955,-3.0766,-1.1604,2.6874
2.96,-3.0763,-1.1584,2.6871
2.965,-3.0762,-1.1565,2.687
2.97,-3.0762,-1.1547,2.687
2.975,-3.0762,-1.1529,2.6871
2.98,-3.0763,-1.1512,2.6872
2.985,-3.0763,-1.1495,2.6872
2.99,-3.0762,-1.1479,2.6872
2.995,-3.0761,-1.1463,2.6872
3,-3.0761,-1.1449,2.6872
3.005,-3.0762,-1.1435,2.6873
3.01,-3.0765,-1.1421,2.6875
3.015,-3.0769,-1.1408,2.6878
3.02,-3.0776,-1.1395,2.6884
3.025,-3.0786,-1.1382,2.6893
3.03,-3.0799,-1.137,2.6904
3.035,-3.0815,-1.1359,2.6918
3.04,-3.0833,-1.1348,2.6935
3.045,-3.0852,-1.1338,2.6954
3.05,-3.0872,-1.1329,2.6973
3.055,-3.0891,-1.132,2.6993
3.06,-3.0908,-1.1311,2.7011
3.065,-3.0923,-1.1303,2.7028
3.07,-3.0937,-1.1295,2.7044
3.075,-3.0948,-1.1288,2.7059
3.08,-3.0959,-1.1281,2.7073
3.085,-3.0969,-1.1274,2.7087
3.09,-3.098,-1.1268,2.7102
3.095,-3.0992,-1.1262,2.7117
3.1,-3.1004,-1.1256,2.7134
3.105,-3.1017,-1.125,2.7151
3.11,-3.103,-1.1245,2.7169
3.115,-3.1044,-1.124,2.7188
3.12,-3.1056,-1.1236,2.7205
3.125,-3.1067,-1.1231,2.7221
3.13,-3.1075,-1.1227,2.7235
3.135,-3.108,-1.1224,2.7247
3.14,-3.1083,-1.1221,2.7256
3.145,-3.1084,-1.1218,2.7264
3.15,-3.1084,-1.1216,2.7271
3.155,-3.1084,-1.1214,2.7277
3.16,-3.1083,-1.1212,2.7282
3.165,-3.1081,-1.1211,2.7287
3.17,-3.1079,-1.1209,2.7291
3.175,-3.1076,-1.1209,2.7295
3.18,-3.1072,-1.1209,2.7299
3.185,-3.1068,-1.1209,2.7304
3.19,-3.1065,-1.1209,2.7308
3.195,-3.1062,-1.121,2.7314
3.2,-3.1059,-1.121,2.7319
3.205,-3.1058,-1.121,2.7326
3.21,-3.1056,-1.121,2.7332
3.215,-3.1054,-1.121,2.7338
3.22,-3.1052,-1.121,2.7344
3.225,-3.1049,-1.121,2.7348
3.23,-3.1044,-1.121,2.7351
3.235,-3.1038,-1.121,2.7352
3.24,-3.1031,-1.1211,2.7351
3.245,-3.1023,-1.1211,2.735
3.25,-3.1014,-1.1212,2.7346
3.255,-3.1005,-1.1212,2.7343
3.26,-3.0997,-1.1212,2.734
3.265,-3.0991,-1.1212,2.7338
3.27,-3.0986,-1.1211,2.7338
3.275,-3.0982,-1.121,2.7338
3.28,-3.0979,-1.121,2.7339
3.285,-3.0977,-1.121,2.7341
3.29,-3.0975,-1.1209,2.7343
3.295,-3.0973,-1.1209,2.7346
3.3,-3.0971,-1.1209,2.7348
3.305,-3.0969,-1.1209,2.735
3.31,-3.0966,-1.1209,2.7352
3.315,-3.0964,-1.1209,2.7354
3.32,-3.0962,-1.1209,2.7356
3.325,-3.0962,-1.1209,2.7359
3.33,-3.0963,-1.1209,2.7362
3.335,-3.0964,-1.1209,2.7365
3.34,-3.0965,-1.121,2.7369
3.345,-3.0968,-1.121,2.7374
3.35,-3.0971,-1.1211,2.7378
3.355,-3.0974,-1.1211,2.7382
3.36,-3.0977,-1.1212,2.7386
3.365,-3.0979,-1.1213,2.7389
3.37,-3.0981,-1.1214,2.739
3.375,-3.0981,-1.1215,2.7391
3.38,-3.0979,-1.1217,2.7389
3.385,-3.0977,-1.1219,2.7387
3.39,-3.0974,-1.1222,2.7384
3.395,-3.0972,-1.1225,2.7382
3.4,-3.0971,-1.1228,2.7381
3.405,-3.097,-1.1232,2.738
3.41,-3.097,-1.1235,2.7381
3.415,-3.0971,-1.1239,2.7382
3.42,-3.0972,-1.1243,2.7384
3.425,-3.0973,-1.1248,2.7386
3.43,-3.0974,-1.1252,2.7388
3.435,-3.0975,-1.1256,2.739
3.44,-3.0976,-1.126,2.7392
3.445,-3.0978,-1.1265,2.7394
3.45,-3.0981,-1.1269,2.7397
3.455,-3.0983,-1.1273,2.7398
3.46,-3.0983,-1.1277,2.7397
3.465,-3.0982,-1.1282,2.7393
3.47,-3.0978,-1.1286,2.7388
3.475,-3.0974,-1.129,2.7382
3.48,-3.097,-1.1294,2.7377
3.485,-3.0968,-1.1298,2.7374
3.49,-3.097,-1.1302,2.7374
3.495,-3.0977,-1.1305,2.7379
3.5,-3.0987,-1.1309,2.7388
3.505,-3.1002,-1.1312,2.7401
3.51,-3.102,-1.1316,2.7417
3.515,-3.1041,-1.1319,2.7435
3.52,-3.1063,-1.1323,2.7454
3.525,-3.1085,-1.1327,2.7472
3.53,-3.1107,-1.1331,2.749
3.535,-3.1129,-1.1335,2.7507
3.54,-3.1151,-1.1339,2.7523
3.545,-3.1173,-1.1343,2.7539
3.55,-3.1196,-1.1347,2.7554
3.555,-3.1218,-1.1351,2.7568
3.56,-3.1239,-1.1355,2.7581
3.565,-3.1259,-1.1359,2.7593
3.57,-3.1278,-1.1363,2.7603
3.575,-3.1295,-1.1368,2.7612
3.58,-3.1311,-1.1374,2.762
3.585,-3.1326,-1.138,2.7628
3.59,-3.1342,-1.1387,2.7637
3.595,-3.1359,-1.1393,2.7648
3.6,-3.1377,-1.14,2.766
3.605,-3.1395,-1.1407,2.7674
3.61,-3.1415,-1.1415,2.7689
3.615,3.1398,-1.1423,2.7703
3.62,3.1379,-1.1431,2.7718
3.625,3.1361,-1.144,2.7733
3.63,3.1343,-1.1448,2.7746
3.635,3.1327,-1.1458,2.7759
3.64,3.1312,-1.1467,2.777
3.645,3.1301,-1.1477,2.7778
3.65,3.1294,-1.1487,2.7781
3.655,3.1291,-1.1498,2.7781
3.66,3.1292,-1.1508,2.7777
3.665,3.1296,-1.152,2.777
3.67,3.1301,-1.1532,2.7761
3.675,3.1308,-1.1544,2.775
3.68,3.1316,-1.1558,2.7738
3.685,3.1324,-1.1572,2.7726
3.69,3.1331,-1.1585,2.7715
3.695,3.1335,-1.1599,2.7707
3.7,3.1334,-1.1613,2.7703
3.705,3.1329,-1.1626,2.7703
3.71,3.1322,-1.164,2.7707
3.715,3.1314,-1.1654,2.7712
3.72,3.1305,-1.1668,2.7716
3.725,3.1298,-1.1683,2.772
3.73,3.1293,-1.1699,2.7721
3.735,3.129,-1.1716,2.772
3.74,3.1289,-1.1734,2.7717
3.745,3.1289,-1.1751,2.7712
3.75,3.129,-1.1769,2.7705
3.755,3.1292,-1.1787,2.7697
3.76,3.1294,-1.1805,2.7687
3.765,3.1296,-1.1824,2.7677
3.77,3.1298,-1.1844,2.7667
3.775,3.13,-1.1863,2.7656
3.78,3.1303,-1.1883,2.7646
3.785,3.1305,-1.1902,2.7635
3.79,3.1307,-1.1922,2.7623
3.795,3.1309,-1.1942,2.7613
3.8,3.1309,-1.1963,2.7604
3.805,3.1308,-1.1985,2.7597
3.81,3.1305,-1.2007,2.7592
3.815,3.1299,-1.2029,2.7589
3.82,3.1292,-1.2051,2.759
3.825,3.1283,-1.2073,2.7591
3.83,3.1274,-1.2094,2.7594
3.835,3.1266,-1.2116,2.7596
3.84,3.1259,-1.2137,2.7597
3.845,3.1254,-1.2159,2.7596
3.85,3.1251,-1.2182,2.7593
3.855,3.125,-1.2205,2.7588
3.86,3.1248,-1.2227,2.7582
3.865,3.1246,-1.2249,2.7578
3.87,3.1242,-1.227,2.7574
3.875,3.1236,-1.2291,2.7571
3.88,3.1229,-1.2311,2.7568
3.885,3.1223,-1.2331,2.7565
3.89,3.1212,-1.2351,2.7565
3.895,3.1211,-1.2371,2.7557
3.9,3.1212,-1.2392,2.7548
3.905,3.1213,-1.2413,2.754
3.91,3.1211,-1.2433,2.7534
3.915,3.1205,-1.2452,2.7533
3.92,3.1195,-1.2471,2.7537
3.925,3.1183,-1.2488,2.7544
3.93,3.117,-1.2505,2.7552
3.935,3.1159,-1.2522,2.7559
3.94,3.115,-1.2539,2.7564
3.945,3.1146,-1.2557,2.7565
3.95,3.1144,-1.2574,2.7564
3.955,3.1145,-1.259,2.7559
3.96,3.115,-1.2606,2.7552
3.965,3.1157,-1.2622,2.7541
3.97,3.1166,-1.2637,2.7528
3.975,3.1179,-1.2652,2.7513
3.98,3.1192,-1.2666,2.7496
3.985,3.1205,-1.268,2.7479
3.99,3.1217,-1.2695,2.7463
3.995,3.1232,-1.2709,2.7445
4,3.1249,-1.2724,2.7426
4.005,3.1266,-1.2737,2.7407
4.01,3.1282,-1.275,2.7389
4.015,3.1296,-1.2762,2.7373
4.02,3.1306,-1.2773,2.7361
4.025,3.1313,-1.2784,2.7353
4.03,3.1317,-1.2794,2.7347
4.035,3.1323,-1.2805,2.7341
4.04,3.1331,-1.2815,2.7333
4.045,3.1342,-1.2825,2.7323
4.05,3.1356,-1.2834,2.7309
4.055,3.1373,-1.2843,2.7294
4.06,3.1391,-1.2852,2.7277
4.065,3.1411,-1.286,2.7259
4.07,-3.1401,-1.2867,2.724
4.075,-3.138,-1.2874,2.7219
4.08,-3.1358,-1.288,2.7197
4.085,-3.1337,-1.2886,2.7174
4.09,-3.1315,-1.2891,2.715
4.095,-3.1294,-1.2897,2.7126
4.1,-3.1271,-1.2901,2.71
4.105,-3.1248,-1.2906,2.7073
4.11,-3.1227,-1.2909,2.7048
4.115,-3.1208,-1.2912,2.7024
4.12,-3.1194,-1.2915,2.7004
4.125,-3.1185,-1.2916,2.6989
4.13,-3.1179,-1.2917,2.6978
4.135,-3.1178,-1.2917,2.697
4.14,-3.1177,-1.2916,2.6965
4.145,-3.1178,-1.2915,2.6961
4.15,-3.1176,-1.2914,2.6955
4.155,-3.1171,-1.2913,2.6947
4.16,-3.1164,-1.2911,2.6938
4.165,-3.1155,-1.2909,2.6927
4.17,-3.1144,-1.2907,2.6914
4.175,-3.1132,-1.2904,2.69
4.18,-3.1121,-1.2902,2.6886
4.185,-3.111,-1.2899,2.6873
4.19,-3.1102,-1.2896,2.6861
4.195,-3.1097,-1.2893,2.6851
4.2,-3.1093,-1.2889,2.6843
4.205,-3.1092,-1.2885,2.6837
4.21,-3.1094,-1.2881,2.6834
4.215,-3.1097,-1.2877,2.6832
4.22,-3.1101,-1.2873,2.6833
4.225,-3.1106,-1.2868,2.6834
4.23,-3.1109,-1.2863,2.6834
4.235,-3.1111,-1.2859,2.6834
4.24,-3.1111,-1.2854,2.6834
4.245,-3.111,-1.2849,2.6832
4.25,-3.1106,-1.2844,2.6829
4.255,-3.11,-1.284,2.6825
4.26,-3.1095,-1.2835,2.682
4.265,-3.1089,-1.283,2.6815
4.27,-3.1085,-1.2825,2.681
4.275,-3.1081,-1.282,2.6804
4.28,-3.1078,-1.2815,2.6798
4.285,-3.1076,-1.2809,2.6792
4.29,-3.1075,-1.2803,2.6786
4.295,-3.1074,-1.2797,2.6779
4.3,-3.1075,-1.2791,2.6774
4.305,-3.1078,-1.2785,2.677
4.31,-3.1084,-1.2779,2.677
4.315,-3.1093,-1.2774,2.6773
4.32,-3.1104,-1.2768,2.6778
4.325,-3.1116,-1.2762,2.6784
4.33,-3.1129,-1.2756,2.6792
4.335,-3.1142,-1.275,2.68
4.34,-3.1153,-1.2744,2.6806
4.345,-3.1162,-1.2737,2.681
4.35,-3.1169,-1.2731,2.6812
4.355,-3.1176,-1.2725,2.6813
4.36,-3.1183,-1.2718,2.6814
4.365,-3.1191,-1.2711,2.6816
4.37,-3.1201,-1.2705,2.6821
4.375,-3.1215,-1.2698,2.6828
4.38,-3.1232,-1.2691,2.6839
4.385,-3.1254,-1.2685,2.6854
4.39,-3.1279,-1.2678,2.6874
4.395,-3.1309,-1.2672,2.6897
4.4,-3.1343,-1.2665,2.6925
4.405,-3.1378,-1.2658,2.6955
4.41,-3.1415,-1.2652,2.6988
4.415,3.1381,-1.2646,2.702
4.42,3.135,-1.264,2.7049
4.425,3.1323,-1.2634,2.7073
4.43,3.1302,-1.2628,2.7092
4.435,3.1284,-1.2622,2.7106
4.44,3.1268,-1.2616,2.7119
4.445,3.1251,-1.261,2.7132
4.45,3.1233,-1.2604,2.7145
4.455,3.1212,-1.2598,2.7162
4.46,3.1186,-1.2593,2.7183
4.465,3.1156,-1.2587,2.7208
4.47,3.1121,-1.2581,2.7237
4.475,3.1083,-1.2575,2.7271
4.48,3.1042,-1.2569,2.7308
4.485,3.1001,-1.2562,2.7347
4.49,3.096,-1.2556,2.7386
4.495,3.0923,-1.2549,2.7423
4.5,3.089,-1.2543,2.7456
4.505,3.0863,-1.2536,2.7483
4.51,3.0844,-1.2529,2.7504
4.515,3.0829,-1.2522,2.7519
4.52,3.0817,-1.2515,2.7531
4.525,3.0805,-1.2508,2.7543
4.53,3.0793,-1.2501,2.7554
4.535,3.0781,-1.2494,2.7566
4.54,3.0769,-1.2488,2.7576
4.545,3.0758,-1.248,2.7586
4.55,3.0747,-1.2472,2.7596
4.555,3.0734,-1.2465,2.7608
4.56,3.072,-1.2457,2.7623
4.565,3.0704,-1.2449,2.764
4.57,3.0687,-1.2441,2.766
4.575,3.0672,-1.2433,2.7679
4.58,3.0661,-1.2424,2.7696
4.585,3.0653,-1.2415,2.7711
4.59,3.0648,-1.2406,2.7723
4.595,3.0647,-1.2396,2.7733
4.6,3.0647,-1.2386,2.7741
4.605,3.0648,-1.2375,2.7747
4.61,3.065,-1.2365,2.7753
4.615,3.0652,-1.2355,2.7759
4.62,3.0654,-1.2346,2.7764
4.625,3.0657,-1.2336,2.7768
4.63,3.066,-1.2326,2.7772
4.635,3.0662,-1.2315,2.7776
4.64,3.0662,-1.2304,2.7781
4.645,3.0661,-1.2293,2.7788
4.65,3.0658,-1.2281,2.7796
4.655,3.0654,-1.227,2.7805
4.66,3.065,-1.2259,2.7814
4.665,3.0648,-1.2248,2.7822
4.67,3.0648,-1.2238,2.7828
4.675,3.0653,-1.2227,2.7832
4.68,3.0662,-1.2217,2.7832
4.685,3.0673,-1.2205,2.7832
4.69,3.0679,-1.2194,2.7838
4.695,3.0691,-1.2182,2.7838
4.7,3.0703,-1.217,2.784
4.705,3.0713,-1.2158,2.7845
4.71,3.072,-1.2146,2.7852
4.715,3.0725,-1.2134,2.786
4.72,3.0729,-1.2122,2.7871
4.725,3.0733,-1.211,2.788
4.73,3.0738,-1.2098,2.7889
4.735,3.0746,-1.2086,2.7894
4.74,3.0759,-1.2075,2.7895
4.745,3.0775,-1.2063,2.7893
4.75,3.0795,-1.2051,2.7886
4.755,3.0817,-1.2039,2.7877
4.76,3.0842,-1.2027,2.7865
4.765,3.0867,-1.2014,2.7853
4.77,3.0891,-1.2001,2.7841
4.775,3.0915,-1.1988,2.783
4.78,3.0938,-1.1975,2.7818
4.785,3.0962,-1.1962,2.7806
4.79,3.0984,-1.1948,2.7796
4.795,3.1007,-1.1935,2.7784
4.8,3.103,-1.1922,2.7774
4.805,3.1053,-1.1908,2.7763
4.81,3.1075,-1.1895,2.7753
4.815,3.1099,-1.1882,2.7742
4.82,3.1124,-1.1868,2.773
4.825,3.1151,-1.1854,2.7717
4.83,3.1177,-1.184,2.7704
4.835,3.1204,-1.1825,2.7691
4.84,3.1231,-1.1811,2.7677
4.845,3.1257,-1.1797,2.7663
4.85,3.1283,-1.1783,2.7649
4.855,3.1309,-1.1768,2.7635
4.86,3.1334,-1.1754,2.762
4.865,3.1358,-1.1739,2.7606
4.87,3.1381,-1.1724,2.7592
4.875,3.1403,-1.1709,2.7578
4.88,-3.1407,-1.1693,2.7564
4.885,-3.1386,-1.1677,2.755
4.89,-3.1366,-1.1662,2.7537
4.895,-3.1346,-1.1646,2.7523
4.9,-3.1325,-1.163,2.7509
4.905,-3.1304,-1.1614,2.7495
4.91,-3.1283,-1.1599,2.7482
4.915,-3.1262,-1.1583,2.7468
4.92,-3.124,-1.1567,2.7453
4.925,-3.1216,-1.1552,2.7438
4.93,-3.1192,-1.1536,2.7422
4.935,-3.1166,-1.1521,2.7405
4.94,-3.1142,-1.1505,2.7389
4.945,-3.1116,-1.149,2.7371
4.95,-3.1089,-1.1474,2.7352
4.955,-3.1063,-1.1457,2.7333
4.96,-3.1036,-1.1441,2.7313
4.965,-3.101,-1.1423,2.7294
4.97,-3.0985,-1.1406,2.7276
4.975,-3.0962,-1.1388,2.7259
4.98,-3.0939,-1.137,2.7243
4.985,-3.0917,-1.1352,2.7227
4.99,-3.0896,-1.1333,2.7212
4.995,-3.0876,-1.1314,2.7199
