0,8945,-2725,-13371,-1827
1,8909,-2715,-13321,-1821
2,8945,-2725,-13371,-1827
3,8909,-2715,-13321,-1821
4,8945,-2725,-13371,-1827
5,8909,-2715,-13321,-1821
6,8945,-2725,-13371,-1827
7,8909,-2715,-13321,-1821
8,8945,-2725,-13371,-1827
9,8909,-2715,-13321,-1821
10,8945,-2725,-13371,-1827
11,8909,-2715,-13321,-1821
12,8945,-2725,-13371,-1827
13,8909,-2715,-13321,-1821
14,8945,-2725,-13305,-1827
15,8945,-2725,-13305,-1827
16,8945,-2725,-13305,-1827
17,8945,-2725,-13305,-1827
18,8945,-2725,-13305,-1827
19,8945,-2725,-13305,-1827
20,8945,-2725,-13305,-1827
21,8945,-2725,-13305,-1827
22,8945,-2725,-13305,-1827
23,8945,-2725,-13305,-1827
24,8945,-2725,-13305,-1827
25,8945,-2725,-13305,-1827
26,8945,-2725,-13305,-1827
27,8945,-2725,-13305,-1827
28,8945,-2725,-13305,-1827
29,8945,-2725,-13305,-1827
30,8945,-2725,-13305,-1827
31,8945,-2725,-13305,-1827
32,8945,-2725,-13305,-1827
33,8945,-2725,-13305,-1827
34,8945,-2725,-13305,-1827
35,8945,-2725,-13305,-1827
36,8945,-2725,-13305,-1827
37,8945,-2725,-13305,-1827
38,8945,-2725,-13305,-1827
39,8945,-2725,-13305,-1827
40,8945,-2725,-13305,-1827
41,8945,-2725,-13305,-1827
42,8945,-2725,-13305,-1827
43,8945,-2725,-13305,-1827
44,8945,-2725,-13305,-1827
45,8945,-2725,-13305,-1827
46,8945,-2725,-13305,-1827
47,8945,-2725,-13305,-1827
48,8945,-2725,-13305,-1827
49,8945,-2725,-13305,-1827
50,8945,-2725,-13305,-1827
51,8945,-2725,-13305,-1827
52,8945,-2725,-13305,-1827
53,8945,-2725,-13305,-1827
54,9009,-2725,-13305,-1827
55,8975,-2715,-13251,-1821
56,9009,-2725,-13241,-1827
57,9009,-2725,-13241,-1827
58,9009,-2725,-13241,-1827
59,9009,-2725,-13241,-1827
60,9009,-2725,-13241,-1827
61,9009,-2725,-13241,-1827
62,9009,-2725,-13241,-1827
63,9009,-2725,-13241,-1827
64,9009,-2725,-13241,-1827
65,9009,-2725,-13241,-1827
66,9009,-2725,-13241,-1827
67,9009,-2725,-13241,-1827
68,9009,-2725,-13241,-1827
69,9009,-2725,-13241,-1827
70,9073,-2725,-13241,-1827
71,9101,-2715,-13189,-1821
72,9137,-2725,-13177,-1827
73,9201,-2725,-13177,-1827
74,9233,-2715,-13125,-1821
75,9233,-2715,-13063,-1821
76,9267,-2725,-13049,-1827
77,9267,-2725,-13049,-1827
78,9267,-2725,-13049,-1827
79,9267,-2725,-13049,-1827
80,9267,-2725,-13049,-1827
81,9267,-2725,-13049,-1827
82,9267,-2725,-13049,-1827
83,9267,-2725,-13049,-1827
84,9267,-2725,-13049,-1827
85,9267,-2725,-13049,-1827
86,9267,-2725,-13049,-1827
87,9267,-2725,-13049,-1827
88,9267,-2725,-13049,-1827
89,9267,-2725,-13049,-1827
90,9267,-2725,-13049,-1827
91,9267,-2725,-13049,-1827
92,9331,-2725,-13049,-1827
93,9395,-2725,-13049,-1827
94,9421,-2715,-12997,-1821
95,9459,-2725,-12985,-1827
96,9421,-2715,-12935,-1821
97,9459,-2725,-12921,-1827
98,9459,-2725,-12921,-1827
99,9459,-2725,-12921,-1827
100,9459,-2725,-12921,-1827
101,9459,-2725,-12921,-1827
102,9459,-2725,-12921,-1827
103,9459,-2725,-12921,-1827
104,9459,-2725,-12921,-1827
105,9459,-2725,-12921,-1827
106,9459,-2725,-12921,-1827
107,9459,-2725,-12921,-1827
108,9459,-2725,-12921,-1827
109,9459,-2725,-12921,-1827
110,9459,-2725,-12921,-1827
111,9459,-2725,-12921,-1827
112,9459,-2725,-12921,-1827
113,9459,-2725,-12921,-1827
114,9459,-2725,-12921,-1827
115,9459,-2725,-12921,-1827
116,9459,-2725,-12921,-1827
117,9459,-2725,-12921,-1827
118,9459,-2725,-12921,-1827
119,9459,-2725,-12921,-1827
120,9459,-2725,-12921,-1827
121,9459,-2725,-12921,-1827
122,9459,-2725,-12921,-1827
123,9459,-2725,-12921,-1827
124,9459,-2725,-12921,-1827
125,9459,-2725,-12921,-1827
126,9459,-2725,-12921,-1827
127,9459,-2725,-12921,-1827
128,9459,-2725,-12921,-1827
129,9459,-2725,-12921,-1827
130,9459,-2725,-12921,-1827
131,9459,-2725,-12921,-1827
132,9459,-2725,-12921,-1827
133,9459,-2725,-12921,-1827
134,9459,-2725,-12921,-1827
135,9459,-2725,-12921,-1827
136,9459,-2725,-12921,-1827
137,9459,-2725,-12921,-1827
138,9459,-2725,-12921,-1827
139,9459,-2725,-12921,-1827
140,9459,-2725,-12921,-1827
141,9459,-2725,-12921,-1827
142,9459,-2725,-12921,-1827
143,9459,-2725,-12921,-1827
144,9459,-2725,-12921,-1827
145,9459,-2725,-12921,-1827
146,9459,-2725,-12921,-1827
147,9459,-2725,-12921,-1827
148,9459,-2725,-12921,-1827
149,9459,-2725,-12921,-1827
150,9459,-2725,-12921,-1827
151,9459,-2725,-12921,-1827
152,9459,-2725,-12921,-1827
153,9459,-2725,-12921,-1827
154,9459,-2725,-12921,-1827
155,9459,-2725,-12921,-1827
156,9459,-2725,-12921,-1827
157,9459,-2725,-12921,-1827
158,9459,-2725,-12921,-1827
159,9459,-2725,-12921,-1827
160,9459,-2725,-12921,-1827
161,9459,-2725,-12921,-1827
162,9459,-2725,-12921,-1827
163,9459,-2725,-12921,-1827
164,9459,-2725,-12921,-1827
165,9459,-2725,-12921,-1827
166,9459,-2725,-12921,-1827
167,9459,-2725,-12921,-1827
168,9459,-2725,-12921,-1827
169,9459,-2725,-12921,-1827
170,9459,-2725,-12921,-1827
171,9459,-2725,-12921,-1827
172,9459,-2725,-12921,-1827
173,9459,-2725,-12921,-1827
174,9459,-2725,-12921,-1827
175,9459,-2725,-12921,-1827
176,9459,-2725,-12921,-1827
177,9459,-2725,-12921,-1827
178,9459,-2725,-12921,-1827
179,9459,-2725,-12921,-1827
180,9459,-2725,-12921,-1827
181,9459,-2725,-12921,-1827
182,9459,-2725,-12921,-1827
183,9459,-2725,-12921,-1827
184,9459,-2725,-12921,-1827
185,9459,-2725,-12921,-1827
186,9459,-2725,-12921,-1827
187,9459,-2725,-12921,-1827
188,9459,-2725,-12921,-1827
189,9459,-2725,-12921,-1827
190,9459,-2725,-12921,-1827
191,9459,-2725,-12921,-1827
192,9459,-2725,-12921,-1827
193,9459,-2725,-12921,-1827
194,9459,-2725,-12921,-1827
195,9459,-2725,-12921,-1827
196,9459,-2725,-12921,-1827
197,9459,-2725,-12921,-1827
198,9459,-2725,-12921,-1827
199,9459,-2725,-12921,-1827
200,9459,-2725,-12921,-1827
201,9459,-2725,-12921,-1827
202,9459,-2725,-12921,-1827
203,9459,-2725,-12921,-1827
204,9459,-2725,-12921,-1827
205,9459,-2725,-12921,-1827
206,9459,-2725,-12921,-1827
207,9459,-2725,-12921,-1827
208,9459,-2725,-12921,-1827
209,9459,-2725,-12921,-1827
210,9459,-2725,-12921,-1827
211,9459,-2725,-12921,-1827
212,9459,-2725,-12921,-1827
213,9459,-2725,-12921,-1827
214,9459,-2725,-12921,-1827
215,9459,-2725,-12921,-1827
216,9459,-2725,-12921,-1827
217,9459,-2725,-12921,-1827
218,9459,-2725,-12921,-1827
219,9459,-2725,-12921,-1827
220,9459,-2725,-12921,-1827
221,9459,-2725,-12921,-1827
222,9459,-2725,-12921,-1827
223,9459,-2725,-12921,-1827
224,9459,-2725,-12921,-1827
225,9459,-2725,-12921,-1827
226,9459,-2725,-12921,-1827
227,9459,-2725,-12921,-1827
228,9459,-2725,-12921,-1827
229,9459,-2725,-12985,-1827
230,9421,-2715,-12997,-1821
231,9395,-2725,-13049,-1827
232,9359,-2715,-13063,-1821
233,9295,-2715,-13063,-1821
234,9331,-2725,-13113,-1827
235,9295,-2715,-13125,-1821
236,9295,-2715,-13125,-1821
237,9295,-2715,-13125,-1821
238,9295,-2715,-13125,-1821
239,9295,-2715,-13125,-1821
240,9295,-2715,-13125,-1821
241,9295,-2715,-13125,-1821
242,9295,-2715,-13125,-1821
243,9295,-2715,-13125,-1821
244,9295,-2715,-13125,-1821
245,9295,-2715,-13125,-1821
246,9295,-2715,-13125,-1821
247,9295,-2715,-13125,-1821
248,9295,-2715,-13125,-1821
249,9233,-2715,-13125,-1821
250,9267,-2725,-13177,-1827
251,9196,-2704,-13138,-1814
252,9201,-2725,-13177,-1827
253,9163,-2715,-13189,-1821
254,9137,-2725,-13241,-1827
255,9066,-2704,-13200,-1814
256,9073,-2725,-13241,-1827
257,9073,-2725,-13241,-1827
258,9073,-2725,-13241,-1827
259,9073,-2725,-13241,-1827
260,9073,-2725,-13241,-1827
261,9073,-2725,-13241,-1827
262,9073,-2725,-13241,-1827
263,9073,-2725,-13241,-1827
264,9073,-2725,-13241,-1827
265,9073,-2725,-13241,-1827
266,9073,-2725,-13241,-1827
267,9073,-2725,-13241,-1827
268,9073,-2725,-13241,-1827
269,9073,-2725,-13241,-1827
270,9073,-2725,-13241,-1827
271,9073,-2725,-13241,-1827
272,9073,-2725,-13241,-1827
273,9073,-2725,-13241,-1827
274,9073,-2725,-13241,-1827
275,9073,-2725,-13241,-1827
276,9073,-2725,-13241,-1827
277,9073,-2725,-13241,-1827
278,9073,-2725,-13241,-1827
279,9073,-2725,-13241,-1827
280,9073,-2725,-13241,-1827
281,9073,-2725,-13241,-1827
282,9073,-2725,-13241,-1827
283,9073,-2725,-13241,-1827
284,9073,-2725,-13241,-1827
285,9073,-2725,-13241,-1827
286,9073,-2725,-13241,-1827
287,9073,-2725,-13241,-1827
288,9073,-2725,-13241,-1827
289,9073,-2725,-13241,-1827
290,9073,-2725,-13241,-1827
291,9073,-2725,-13241,-1827
292,9073,-2725,-13241,-1827
293,9073,-2725,-13241,-1827
294,9073,-2725,-13241,-1827
295,9073,-2725,-13241,-1827
296,9073,-2725,-13241,-1827
297,9073,-2725,-13241,-1827
298,9073,-2725,-13241,-1827
299,9073,-2725,-13241,-1827
300,9073,-2725,-13241,-1827
301,9073,-2725,-13241,-1827
302,9073,-2725,-13241,-1827
303,9073,-2725,-13241,-1827
304,9073,-2725,-13241,-1827
305,9073,-2725,-13241,-1827
306,9073,-2725,-13241,-1827
307,9073,-2725,-13241,-1827
308,9073,-2725,-13241,-1827
309,9073,-2725,-13241,-1827
310,9073,-2725,-13241,-1827
311,9073,-2725,-13241,-1827
312,9073,-2725,-13241,-1827
313,9073,-2725,-13241,-1827
314,9073,-2725,-13241,-1827
315,9037,-2715,-13189,-1821
316,9073,-2725,-13177,-1827
317,9073,-2725,-13177,-1827
318,9073,-2725,-13177,-1827
319,9073,-2725,-13177,-1827
320,9073,-2725,-13177,-1827
321,9073,-2725,-13177,-1827
322,9073,-2725,-13177,-1827
323,9073,-2725,-13177,-1827
324,9073,-2725,-13177,-1827
325,9073,-2725,-13177,-1827
326,9073,-2725,-13177,-1827
327,9073,-2725,-13177,-1827
328,9073,-2725,-13177,-1827
329,9073,-2725,-13177,-1827
330,9073,-2725,-13177,-1827
331,9073,-2725,-13177,-1827
332,9073,-2725,-13177,-1827
333,9073,-2725,-13177,-1827
334,9073,-2725,-13177,-1827
335,9073,-2725,-13177,-1827
336,9073,-2725,-13177,-1827
337,9073,-2725,-13177,-1827
338,9073,-2725,-13177,-1827
339,9073,-2725,-13177,-1827
340,9073,-2725,-13177,-1827
341,9073,-2725,-13177,-1827
342,9073,-2725,-13177,-1827
343,9073,-2725,-13177,-1827
344,9073,-2725,-13177,-1827
345,9073,-2725,-13177,-1827
346,9073,-2725,-13177,-1827
347,9073,-2725,-13177,-1827
348,9073,-2725,-13177,-1827
349,9073,-2725,-13177,-1827
350,9073,-2725,-13177,-1827
351,9073,-2725,-13177,-1827
352,9073,-2725,-13177,-1827
353,9073,-2725,-13177,-1827
354,9073,-2725,-13177,-1827
355,9073,-2725,-13177,-1827
356,9073,-2725,-13177,-1827
357,9073,-2725,-13177,-1827
358,9073,-2725,-13177,-1827
359,9073,-2725,-13177,-1827
360,9073,-2725,-13177,-1827
361,9073,-2725,-13177,-1827
362,9073,-2725,-13177,-1827
363,9073,-2725,-13177,-1827
364,9073,-2725,-13177,-1827
365,9073,-2725,-13177,-1827
366,9073,-2725,-13177,-1827
367,9073,-2725,-13177,-1827
368,9073,-2725,-13177,-1827
369,9073,-2725,-13177,-1827
370,9073,-2725,-13177,-1827
371,9073,-2725,-13177,-1827
372,9073,-2725,-13177,-1827
373,9073,-2725,-13177,-1827
374,9073,-2725,-13177,-1827
375,9073,-2725,-13177,-1827
376,9073,-2725,-13177,-1827
377,9073,-2725,-13177,-1827
378,9073,-2725,-13177,-1827
379,9073,-2725,-13177,-1827
380,9073,-2725,-13177,-1827
381,9073,-2725,-13177,-1827
382,9073,-2725,-13177,-1827
383,9073,-2725,-13177,-1827
384,9073,-2725,-13177,-1827
385,9073,-2725,-13177,-1827
386,9073,-2725,-13177,-1827
387,9073,-2725,-13177,-1827
388,9073,-2725,-13177,-1827
389,9073,-2725,-13177,-1827
390,9073,-2725,-13177,-1827
391,9073,-2725,-13177,-1827
392,9073,-2725,-13177,-1827
393,9073,-2725,-13177,-1827
394,9073,-2725,-13177,-1827
395,9073,-2725,-13177,-1827
396,9073,-2725,-13177,-1827
397,9073,-2725,-13177,-1827
398,9073,-2725,-13177,-1827
399,9073,-2725,-13177,-1827
400,9073,-2725,-13177,-1827
401,9073,-2725,-13177,-1827
402,9073,-2725,-13177,-1827
403,9073,-2725,-13177,-1827
404,9073,-2725,-13177,-1827
405,9073,-2725,-13177,-1827
406,9073,-2725,-13177,-1827
407,9073,-2725,-13177,-1827
408,9073,-2725,-13177,-1827
409,9073,-2725,-13177,-1827
410,9073,-2725,-13177,-1827
411,9073,-2725,-13177,-1827
412,9073,-2725,-13177,-1827
413,9073,-2725,-13177,-1827
414,9073,-2725,-13177,-1827
415,9073,-2725,-13177,-1827
416,9073,-2725,-13177,-1827
417,9073,-2725,-13177,-1827
418,9073,-2725,-13177,-1827
419,9073,-2725,-13177,-1827
420,9073,-2725,-13177,-1827
421,9073,-2725,-13177,-1827
422,9073,-2725,-13177,-1827
423,9073,-2725,-13177,-1827
424,9073,-2725,-13177,-1827
425,9073,-2725,-13177,-1827
426,9073,-2725,-13177,-1827
427,9073,-2725,-13177,-1827
428,9073,-2725,-13177,-1827
429,9073,-2725,-13177,-1827
430,9137,-2725,-13177,-1827
431,9137,-2725,-13177,-1827
432,9137,-2725,-13177,-1827
433,9137,-2725,-13177,-1827
434,9137,-2725,-13177,-1827
435,9137,-2725,-13177,-1827
436,9137,-2725,-13177,-1827
437,9137,-2725,-13177,-1827
438,9137,-2725,-13177,-1827
439,9137,-2725,-13177,-1827
440,9137,-2725,-13177,-1827
441,9137,-2725,-13177,-1827
442,9137,-2725,-13177,-1827
443,9137,-2725,-13177,-1827
444,9137,-2725,-13177,-1827
445,9137,-2725,-13177,-1827
446,9137,-2725,-13177,-1827
447,9137,-2725,-13177,-1827
448,9137,-2725,-13177,-1827
449,9137,-2725,-13177,-1827
450,9137,-2725,-13177,-1827
451,9137,-2725,-13177,-1827
452,9137,-2725,-13177,-1827
453,9137,-2725,-13177,-1827
454,9137,-2725,-13177,-1827
455,9137,-2725,-13177,-1827
456,9137,-2725,-13177,-1827
457,9137,-2725,-13177,-1827
458,9137,-2725,-13177,-1827
459,9137,-2725,-13177,-1827
460,9137,-2725,-13177,-1827
461,9137,-2725,-13177,-1827
462,9137,-2725,-13177,-1827
463,9137,-2725,-13177,-1827
464,9137,-2725,-13177,-1827
465,9137,-2725,-13177,-1827
466,9137,-2725,-13177,-1827
467,9137,-2725,-13177,-1827
468,9137,-2725,-13177,-1827
469,9137,-2725,-13177,-1827
470,9137,-2725,-13177,-1827
471,9137,-2725,-13177,-1827
472,9137,-2725,-13177,-1827
473,9137,-2725,-13177,-1827
474,9137,-2725,-13177,-1827
475,9137,-2725,-13177,-1827
476,9137,-2725,-13177,-1827
477,9137,-2725,-13177,-1827
478,9137,-2725,-13177,-1827
479,9137,-2725,-13177,-1827
480,9137,-2725,-13177,-1827
481,9137,-2725,-13177,-1827
482,9137,-2725,-13177,-1827
483,9137,-2725,-13177,-1827
484,9137,-2725,-13177,-1827
485,9137,-2725,-13177,-1827
486,9137,-2725,-13177,-1827
487,9137,-2725,-13177,-1827
488,9137,-2725,-13177,-1827
489,9137,-2725,-13177,-1827
490,9137,-2725,-13177,-1827
491,9137,-2725,-13177,-1827
492,9137,-2725,-13177,-1827
493,9137,-2725,-13177,-1827
494,9137,-2725,-13177,-1827
495,9137,-2725,-13177,-1827
496,9137,-2725,-13177,-1827
497,9137,-2725,-13177,-1827
498,9137,-2725,-13177,-1827
499,9137,-2725,-13177,-1827
500,9137,-2725,-13177,-1827
501,9137,-2725,-13177,-1827
502,9137,-2725,-13177,-1827
503,9137,-2725,-13177,-1827
504,9137,-2725,-13177,-1827
505,9137,-2725,-13177,-1827
506,9137,-2725,-13177,-1827
507,9137,-2725,-13177,-1827
508,9137,-2725,-13177,-1827
509,9137,-2725,-13177,-1827
510,9137,-2725,-13177,-1827
511,9137,-2725,-13177,-1827
512,9137,-2725,-13177,-1827
513,9137,-2725,-13177,-1827
514,9137,-2725,-13177,-1827
515,9137,-2725,-13177,-1827
516,9137,-2725,-13177,-1827
517,9137,-2725,-13177,-1827
518,9137,-2725,-13177,-1827
519,9137,-2725,-13177,-1827
520,9137,-2725,-13177,-1827
521,9137,-2725,-13177,-1827
522,9137,-2725,-13177,-1827
523,9137,-2725,-13177,-1827
524,9137,-2725,-13177,-1827
525,9137,-2725,-13177,-1827
526,9137,-2725,-13177,-1827
527,9137,-2725,-13177,-1827
528,9137,-2725,-13177,-1827
529,9137,-2725,-13177,-1827
530,9137,-2725,-13177,-1827
531,9137,-2725,-13177,-1827
532,9137,-2725,-13177,-1827
533,9137,-2725,-13177,-1827
534,9137,-2725,-13177,-1827
535,9137,-2725,-13177,-1827
536,9137,-2725,-13177,-1827
537,9137,-2725,-13177,-1827
538,9137,-2725,-13177,-1827
539,9137,-2725,-13177,-1827
540,9137,-2725,-13177,-1827
541,9137,-2725,-13177,-1827
542,9137,-2725,-13177,-1827
543,9137,-2725,-13177,-1827
544,9137,-2725,-13177,-1827
545,9137,-2725,-13177,-1827
546,9137,-2725,-13177,-1827
547,9137,-2725,-13177,-1827
548,9137,-2725,-13177,-1827
549,9137,-2725,-13177,-1827
550,9137,-2725,-13177,-1827
551,9137,-2725,-13177,-1827
552,9137,-2725,-13177,-1827
553,9137,-2725,-13177,-1827
554,9137,-2725,-13177,-1827
555,9137,-2725,-13177,-1827
556,9137,-2725,-13177,-1827
557,9137,-2725,-13177,-1827
558,9137,-2725,-13177,-1827
559,9137,-2725,-13177,-1827
560,9137,-2725,-13177,-1827
561,9137,-2725,-13177,-1827
562,9137,-2725,-13177,-1827
563,9137,-2725,-13177,-1827
564,9137,-2725,-13177,-1827
565,9137,-2725,-13177,-1827
566,9137,-2725,-13241,-1827
567,9066,-2704,-13200,-1814
568,9073,-2725,-13241,-1827
569,9073,-2725,-13241,-1827
570,9073,-2725,-13305,-1827
571,9002,-2704,-13268,-1814
572,9009,-2725,-13305,-1827
573,8975,-2715,-13321,-1821
574,8975,-2715,-13321,-1821
575,8975,-2715,-13321,-1821
576,8975,-2715,-13321,-1821
577,8975,-2715,-13321,-1821
578,8975,-2715,-13321,-1821
579,8975,-2715,-13321,-1821
580,8975,-2715,-13321,-1821
581,8975,-2715,-13321,-1821
582,8975,-2715,-13321,-1821
583,8975,-2715,-13321,-1821
584,8975,-2715,-13321,-1821
585,8975,-2715,-13321,-1821
586,8975,-2715,-13321,-1821
587,9009,-2725,-13371,-1827
588,8940,-2704,-13330,-1814
589,8909,-2715,-13321,-1821
590,8945,-2725,-13371,-1827
591,8909,-2715,-13383,-1821
592,8909,-2715,-13383,-1821
593,8909,-2715,-13383,-1821
594,8909,-2715,-13383,-1821
595,8909,-2715,-13383,-1821
596,8909,-2715,-13383,-1821
597,8909,-2715,-13383,-1821
598,8909,-2715,-13383,-1821
599,8909,-2715,-13383,-1821
600,8909,-2715,-13383,-1821
601,8909,-2715,-13383,-1821
602,8909,-2715,-13383,-1821
603,8909,-2715,-13383,-1821
604,8909,-2715,-13383,-1821
605,8909,-2715,-13383,-1821
606,8909,-2715,-13383,-1821
607,8909,-2715,-13383,-1821
608,8909,-2715,-13383,-1821
609,8909,-2715,-13383,-1821
610,8909,-2715,-13383,-1821
611,8909,-2715,-13383,-1821
612,8909,-2715,-13383,-1821
613,8909,-2715,-13383,-1821
614,8909,-2715,-13383,-1821
615,8909,-2715,-13383,-1821
616,8909,-2715,-13383,-1821
617,8909,-2715,-13383,-1821
618,8909,-2715,-13383,-1821
619,8909,-2715,-13383,-1821
620,8909,-2715,-13383,-1821
621,8909,-2715,-13383,-1821
622,8909,-2715,-13383,-1821
623,8909,-2715,-13383,-1821
624,8909,-2715,-13383,-1821
625,8909,-2715,-13383,-1821
626,8909,-2715,-13383,-1821
627,8909,-2715,-13383,-1821
628,8909,-2715,-13383,-1821
629,8909,-2715,-13383,-1821
630,8909,-2715,-13383,-1821
631,8909,-2715,-13383,-1821
632,8909,-2715,-13383,-1821
633,8909,-2715,-13383,-1821
634,8909,-2715,-13383,-1821
635,8909,-2715,-13383,-1821
636,8909,-2715,-13383,-1821
637,8909,-2715,-13383,-1821
638,8909,-2715,-13383,-1821
639,8909,-2715,-13383,-1821
640,8909,-2715,-13383,-1821
641,8909,-2715,-13383,-1821
642,8909,-2715,-13383,-1821
643,8909,-2715,-13383,-1821
644,8909,-2715,-13383,-1821
645,8909,-2715,-13383,-1821
646,8909,-2715,-13383,-1821
647,8909,-2715,-13383,-1821
648,8909,-2715,-13383,-1821
649,8909,-2715,-13383,-1821
650,8909,-2715,-13383,-1821
651,8909,-2715,-13383,-1821
652,8909,-2715,-13383,-1821
653,8909,-2715,-13383,-1821
654,8909,-2715,-13383,-1821
655,8909,-2715,-13383,-1821
656,8909,-2715,-13383,-1821
657,8909,-2715,-13383,-1821
658,8909,-2715,-13383,-1821
659,8909,-2715,-13383,-1821
660,8909,-2715,-13383,-1821
661,8909,-2715,-13383,-1821
662,8909,-2715,-13383,-1821
663,8909,-2715,-13383,-1821
664,8909,-2715,-13383,-1821
665,8909,-2715,-13383,-1821
666,8909,-2715,-13383,-1821
667,8909,-2715,-13383,-1821
668,8909,-2715,-13383,-1821
669,8909,-2715,-13383,-1821
670,8909,-2715,-13383,-1821
671,8909,-2715,-13383,-1821
672,8909,-2715,-13383,-1821
673,8909,-2715,-13383,-1821
674,8909,-2715,-13383,-1821
675,8909,-2715,-13383,-1821
676,8909,-2715,-13383,-1821
677,8909,-2715,-13383,-1821
678,8909,-2715,-13383,-1821
679,8909,-2715,-13383,-1821
680,8909,-2715,-13383,-1821
681,8909,-2715,-13383,-1821
682,8909,-2715,-13383,-1821
683,8909,-2715,-13383,-1821
684,8909,-2715,-13383,-1821
685,8909,-2715,-13383,-1821
686,8909,-2715,-13383,-1821
687,8909,-2715,-13383,-1821
688,8909,-2715,-13383,-1821
689,8909,-2715,-13383,-1821
690,8909,-2715,-13383,-1821
691,8909,-2715,-13383,-1821
692,8909,-2715,-13383,-1821
693,8909,-2715,-13383,-1821
694,8909,-2715,-13383,-1821
695,8909,-2715,-13383,-1821
696,8909,-2715,-13383,-1821
697,8909,-2715,-13383,-1821
698,8909,-2715,-13383,-1821
699,8909,-2715,-13383,-1821
700,8909,-2715,-13383,-1821
701,8909,-2715,-13383,-1821
702,8909,-2715,-13383,-1821
703,8909,-2715,-13383,-1821
704,8909,-2715,-13383,-1821
705,8909,-2715,-13383,-1821
706,8909,-2715,-13383,-1821
707,8909,-2715,-13383,-1821
708,8909,-2715,-13383,-1821
709,8909,-2715,-13383,-1821
710,8909,-2715,-13383,-1821
711,8909,-2715,-13383,-1821
712,8909,-2715,-13383,-1821
713,8909,-2715,-13383,-1821
714,8909,-2715,-13383,-1821
715,8909,-2715,-13383,-1821
716,8909,-2715,-13383,-1821
717,8909,-2715,-13383,-1821
718,8909,-2715,-13383,-1821
719,8909,-2715,-13383,-1821
720,8909,-2715,-13383,-1821
721,8909,-2715,-13383,-1821
722,8909,-2715,-13383,-1821
723,8909,-2715,-13383,-1821
724,8909,-2715,-13383,-1821
725,8909,-2715,-13383,-1821
726,8909,-2715,-13383,-1821
727,8909,-2715,-13383,-1821
728,8909,-2715,-13383,-1821
729,8909,-2715,-13383,-1821
730,8909,-2715,-13383,-1821
731,8909,-2715,-13383,-1821
732,8909,-2715,-13321,-1821
733,8945,-2725,-13371,-1827
734,8909,-2715,-13321,-1821
735,8945,-2725,-13371,-1827
736,8909,-2715,-13321,-1821
737,8945,-2725,-13371,-1827
738,8909,-2715,-13321,-1821
739,8945,-2725,-13371,-1827
740,8909,-2715,-13321,-1821
741,8945,-2725,-13371,-1827
742,8909,-2715,-13321,-1821
743,8945,-2725,-13371,-1827
744,8909,-2715,-13321,-1821
745,8945,-2725,-13371,-1827
746,8909,-2715,-13321,-1821
747,8945,-2725,-13305,-1827
748,8945,-2725,-13305,-1827
749,8945,-2725,-13305,-1827
750,8945,-2725,-13305,-1827
751,8945,-2725,-13305,-1827
752,8945,-2725,-13305,-1827
753,8945,-2725,-13305,-1827
754,8945,-2725,-13305,-1827
755,8945,-2725,-13305,-1827
756,8945,-2725,-13305,-1827
757,8945,-2725,-13305,-1827
758,8945,-2725,-13305,-1827
759,8945,-2725,-13305,-1827
760,8945,-2725,-13305,-1827
761,8945,-2725,-13305,-1827
762,8945,-2725,-13305,-1827
763,8945,-2725,-13305,-1827
764,8945,-2725,-13305,-1827
765,8945,-2725,-13305,-1827
766,8945,-2725,-13305,-1827
767,8945,-2725,-13305,-1827
768,8945,-2725,-13305,-1827
769,8945,-2725,-13305,-1827
770,9009,-2725,-13305,-1827
771,8975,-2715,-13251,-1821
772,9009,-2725,-13241,-1827
773,9009,-2725,-13241,-1827
774,9009,-2725,-13241,-1827
775,9009,-2725,-13241,-1827
776,9073,-2725,-13241,-1827
777,9037,-2715,-13189,-1821
778,9073,-2725,-13177,-1827
779,9137,-2725,-13177,-1827
780,9137,-2725,-13177,-1827
781,9137,-2725,-13177,-1827
782,9137,-2725,-13177,-1827
783,9137,-2725,-13177,-1827
784,9137,-2725,-13177,-1827
785,9137,-2725,-13177,-1827
786,9137,-2725,-13177,-1827
787,9137,-2725,-13177,-1827
788,9137,-2725,-13177,-1827
789,9137,-2725,-13177,-1827
790,9137,-2725,-13177,-1827
791,9137,-2725,-13177,-1827
792,9137,-2725,-13177,-1827
793,9137,-2725,-13177,-1827
794,9137,-2725,-13177,-1827
795,9137,-2725,-13177,-1827
796,9137,-2725,-13177,-1827
797,9137,-2725,-13177,-1827
798,9137,-2725,-13177,-1827
799,9137,-2725,-13177,-1827
800,9137,-2725,-13177,-1827
801,9137,-2725,-13177,-1827
802,9137,-2725,-13177,-1827
803,9137,-2725,-13177,-1827
804,9137,-2725,-13177,-1827
805,9137,-2725,-13177,-1827
806,9137,-2725,-13177,-1827
807,9137,-2725,-13177,-1827
808,9137,-2725,-13177,-1827
809,9137,-2725,-13177,-1827
810,9137,-2725,-13177,-1827
811,9137,-2725,-13177,-1827
812,9137,-2725,-13177,-1827
813,9137,-2725,-13177,-1827
814,9137,-2725,-13177,-1827
815,9137,-2725,-13177,-1827
816,9137,-2725,-13177,-1827
817,9137,-2725,-13177,-1827
818,9137,-2725,-13177,-1827
819,9137,-2725,-13177,-1827
820,9137,-2725,-13177,-1827
821,9137,-2725,-13177,-1827
822,9137,-2725,-13177,-1827
823,9137,-2725,-13177,-1827
824,9137,-2725,-13177,-1827
825,9137,-2725,-13177,-1827
826,9137,-2725,-13177,-1827
827,9137,-2725,-13177,-1827
828,9137,-2725,-13177,-1827
829,9137,-2725,-13177,-1827
830,9137,-2725,-13177,-1827
831,9137,-2725,-13177,-1827
832,9137,-2725,-13177,-1827
833,9137,-2725,-13177,-1827
834,9137,-2725,-13177,-1827
835,9137,-2725,-13177,-1827
836,9137,-2725,-13177,-1827
837,9137,-2725,-13177,-1827
838,9137,-2725,-13177,-1827
839,9137,-2725,-13177,-1827
840,9137,-2725,-13177,-1827
841,9137,-2725,-13177,-1827
842,9137,-2725,-13177,-1827
843,9137,-2725,-13177,-1827
844,9137,-2725,-13177,-1827
845,9137,-2725,-13177,-1827
846,9137,-2725,-13177,-1827
847,9137,-2725,-13177,-1827
848,9137,-2725,-13177,-1827
849,9137,-2725,-13177,-1827
850,9137,-2725,-13177,-1827
851,9137,-2725,-13177,-1827
852,9137,-2725,-13177,-1827
853,9137,-2725,-13177,-1827
854,9137,-2725,-13177,-1827
855,9137,-2725,-13177,-1827
856,9137,-2725,-13177,-1827
857,9137,-2725,-13177,-1827
858,9137,-2725,-13177,-1827
859,9137,-2725,-13177,-1827
860,9137,-2725,-13177,-1827
861,9137,-2725,-13177,-1827
862,9137,-2725,-13177,-1827
863,9137,-2725,-13177,-1827
864,9137,-2725,-13177,-1827
865,9137,-2725,-13177,-1827
866,9137,-2725,-13177,-1827
867,9137,-2725,-13177,-1827
868,9137,-2725,-13177,-1827
869,9137,-2725,-13177,-1827
870,9137,-2725,-13177,-1827
871,9137,-2725,-13177,-1827
872,9137,-2725,-13177,-1827
873,9137,-2725,-13177,-1827
874,9137,-2725,-13177,-1827
875,9137,-2725,-13177,-1827
876,9137,-2725,-13177,-1827
877,9137,-2725,-13177,-1827
878,9137,-2725,-13177,-1827
879,9137,-2725,-13177,-1827
880,9137,-2725,-13177,-1827
881,9137,-2725,-13177,-1827
882,9137,-2725,-13177,-1827
883,9137,-2725,-13177,-1827
884,9137,-2725,-13177,-1827
885,9137,-2725,-13177,-1827
886,9137,-2725,-13177,-1827
887,9137,-2725,-13177,-1827
888,9137,-2725,-13177,-1827
889,9137,-2725,-13177,-1827
890,9137,-2725,-13177,-1827
891,9137,-2725,-13177,-1827
892,9137,-2725,-13177,-1827
893,9137,-2725,-13177,-1827
894,9137,-2725,-13177,-1827
895,9137,-2725,-13177,-1827
896,9137,-2725,-13177,-1827
897,9137,-2725,-13177,-1827
898,9137,-2725,-13177,-1827
899,9137,-2725,-13177,-1827
900,9137,-2725,-13177,-1827
901,9137,-2725,-13177,-1827
902,9137,-2725,-13177,-1827
903,9137,-2725,-13177,-1827
904,9137,-2725,-13177,-1827
905,9137,-2725,-13177,-1827
906,9137,-2725,-13177,-1827
907,9137,-2725,-13177,-1827
908,9137,-2725,-13177,-1827
909,9137,-2725,-13177,-1827
910,9137,-2725,-13177,-1827
911,9137,-2725,-13177,-1827
912,9137,-2725,-13177,-1827
913,9137,-2725,-13177,-1827
914,9137,-2725,-13177,-1827
915,9137,-2725,-13177,-1827
916,9137,-2725,-13177,-1827
917,9137,-2725,-13241,-1827
918,9066,-2704,-13200,-1814
919,9073,-2725,-13241,-1827
920,9073,-2725,-13241,-1827
921,9073,-2725,-13241,-1827
922,9073,-2725,-13241,-1827
923,9073,-2725,-13241,-1827
924,9073,-2725,-13241,-1827
925,9073,-2725,-13241,-1827
926,9073,-2725,-13241,-1827
927,9073,-2725,-13241,-1827
928,9073,-2725,-13241,-1827
929,9073,-2725,-13241,-1827
930,9073,-2725,-13241,-1827
931,9073,-2725,-13241,-1827
932,9073,-2725,-13241,-1827
933,9073,-2725,-13241,-1827
934,9073,-2725,-13241,-1827
935,9073,-2725,-13305,-1827
936,9002,-2704,-13268,-1814
937,9009,-2725,-13305,-1827
938,8975,-2715,-13321,-1821
939,8975,-2715,-13321,-1821
940,8975,-2715,-13321,-1821
941,8975,-2715,-13321,-1821
942,8975,-2715,-13321,-1821
943,8975,-2715,-13321,-1821
944,8975,-2715,-13321,-1821
945,8975,-2715,-13321,-1821
946,8975,-2715,-13321,-1821
947,8975,-2715,-13321,-1821
948,8975,-2715,-13321,-1821
949,8975,-2715,-13321,-1821
950,8975,-2715,-13321,-1821
951,8975,-2715,-13321,-1821
952,8975,-2715,-13321,-1821
953,8975,-2715,-13321,-1821
954,8975,-2715,-13321,-1821
955,8975,-2715,-13321,-1821
956,8975,-2715,-13321,-1821
957,8975,-2715,-13321,-1821
958,8975,-2715,-13321,-1821
959,8975,-2715,-13321,-1821
960,8975,-2715,-13321,-1821
961,8975,-2715,-13321,-1821
962,8975,-2715,-13321,-1821
963,8975,-2715,-13321,-1821
964,8975,-2715,-13321,-1821
965,8975,-2715,-13321,-1821
966,8975,-2715,-13321,-1821
967,8975,-2715,-13321,-1821
968,8975,-2715,-13321,-1821
969,8975,-2715,-13321,-1821
970,8975,-2715,-13321,-1821
971,8975,-2715,-13321,-1821
972,8975,-2715,-13321,-1821
973,8975,-2715,-13321,-1821
974,8975,-2715,-13321,-1821
975,8975,-2715,-13321,-1821
976,8975,-2715,-13321,-1821
977,8975,-2715,-13321,-1821
978,8975,-2715,-13321,-1821
979,8975,-2715,-13321,-1821
980,8975,-2715,-13321,-1821
981,8975,-2715,-13321,-1821
982,8975,-2715,-13321,-1821
983,8975,-2715,-13321,-1821
984,8975,-2715,-13321,-1821
985,8975,-2715,-13321,-1821
986,8975,-2715,-13321,-1821
987,8975,-2715,-13321,-1821
988,8975,-2715,-13321,-1821
989,8975,-2715,-13321,-1821
990,8975,-2715,-13321,-1821
991,8975,-2715,-13321,-1821
992,8975,-2715,-13321,-1821
993,8975,-2715,-13321,-1821
994,8975,-2715,-13321,-1821
995,8975,-2715,-13321,-1821
996,8975,-2715,-13321,-1821
997,8975,-2715,-13321,-1821
998,8975,-2715,-13321,-1821
999,8975,-2715,-13321,-1821
